id,category,query1,query2,label
0,支气管炎,30周孕妇支气管炎怎么办？,30周孕妇支气管炎怎么治疗？,1
1,支气管炎,30周孕妇支气管炎怎么办？,30周孕妇支气管炎如何治疗？,1
2,支气管炎,30周孕妇支气管炎怎么办？,31周孕妇支气管炎怎么办？,0
3,支气管炎,30周孕妇支气管炎怎么办？,30周孕妇支气管炎严重吗？,0
4,支气管炎,30周孕妇支气管炎怎么办？,30周孕妇支气管炎要住院吗？,0
5,支气管炎,4岁支气管炎低烧不退怎么办,4岁支气管炎低烧不退有什么办法,1
6,支气管炎,4岁支气管炎低烧不退怎么办,4岁支气管炎低烧不退需要怎么做,1
7,支气管炎,4岁支气管炎低烧不退怎么办,4岁支气管炎是低烧引起的吗,0
8,支气管炎,4岁支气管炎低烧不退怎么办,4岁支气管炎低烧不退是什么病,0
9,支气管炎,4岁支气管炎低烧不退怎么办,5岁低烧不退是病毒性感冒吗,0
10,支气管炎,URI-支气管炎如何诊断检查,做什么检查可以诊断URI-支气管炎,1
11,支气管炎,URI-支气管炎如何诊断检查,怎样检查出URI-支气管炎,1
12,支气管炎,URI-支气管炎如何诊断检查,URI-支气管炎吃什么药,0
13,支气管炎,URI-支气管炎如何诊断检查,URI-支气管炎有什么症状,0
14,支气管炎,URI-支气管炎如何诊断检查,URI-支气管炎是由什么引起,0
15,支气管炎,一年多反复支气管炎且有咽炎是怎么回事,长时间多次支气管炎且有咽炎是什么病,1
16,支气管炎,一年多反复支气管炎且有咽炎是怎么回事,反复支气管炎且有咽炎是什么病,1
17,支气管炎,一年多反复支气管炎且有咽炎是怎么回事,反复支气管炎怎么治,0
18,支气管炎,一年多反复支气管炎且有咽炎是怎么回事,反复支气管炎吃什么药,0
19,支气管炎,一年多反复支气管炎且有咽炎是怎么回事,支气管炎怎样才能根治,0
20,支气管炎,支气管炎:咳嗽半个月,支气管炎半个月了，一直咳嗽,1
21,支气管炎,支气管炎:咳嗽半个月,支气管炎:咳嗽有半个月了,1
22,支气管炎,支气管炎:咳嗽半个月,支气管炎半个月了，白天咳嗽的厉还,0
23,支气管炎,支气管炎:咳嗽半个月,"支气管炎,咳嗽时好时坏!",0
24,支气管炎,支气管炎:咳嗽半个月,支气管炎:咳嗽一直没停过,0
25,支气管炎,支气管炎低烧反复发作,支气管炎低烧反复发作怎么办,1
26,支气管炎,支气管炎低烧反复发作,支气管炎低烧反复发作怎么处理,1
27,支气管炎,支气管炎低烧反复发作,支气管炎低烧反复发作会不会留下后遗症,0
28,支气管炎,支气管炎低烧反复发作,支气管炎低烧反复发作是什么导致的,0
29,支气管炎,支气管炎低烧反复发作,支气管炎低烧反复发作是什么原因,0
30,支气管炎,支气管炎发烧38度,支气管炎发烧38度怎么治疗?,1
31,支气管炎,支气管炎发烧38度,支气管炎发烧38度咋办,1
32,支气管炎,支气管炎发烧38度,支气管炎，发烧38.3时可以哺乳吗,0
33,支气管炎,支气管炎发烧38度,支气管炎引起的发烧，一直38度退不下来,0
34,支气管炎,支气管炎发烧38度,支气管炎发烧38度会有什么症状,0
35,支气管炎,支气管炎吃什么桂龙咳喘宁联邦克立停,支气管炎应该吃什么药,1
36,支气管炎,支气管炎吃什么联邦克立停,支气管炎服用什么联邦克立停效果好,1
37,支气管炎,支气管炎吃什么联邦克立停,支气管炎不能吃什么药,0
38,支气管炎,支气管炎吃什么联邦克立停,支气管炎需要吃多久的药,0
39,支气管炎,支气管炎吃什么联邦克立停,怎样确诊是不是支气管炎,0
40,支气管炎,支气管炎吃什么药?,支气管炎了可以吃什么药？,1
41,支气管炎,支气管炎吃什么药?,吃什么药可以治疗支气管炎？,1
42,支气管炎,支气管炎吃什么药?,支气管炎吃消炎药一般多久痊愈？,0
43,支气管炎,支气管炎吃什么药?,支气管炎吃消炎药有用吗？,0
44,支气管炎,支气管炎吃什么药?,支气管炎吃什么消炎药？,0
45,支气管炎,支气管炎吃什么药孕妇六个月,六个月的孕妇支气管炎能吃什么药,1
46,支气管炎,支气管炎吃什么药孕妇六个月,六个月的孕妇支气管炎需要吃那种药,1
47,支气管炎,支气管炎吃什么药孕妇六个月,六个月的孕妇支气管炎吃药对孩子有影响吗,0
48,支气管炎,支气管炎吃什么药孕妇六个月,六个月的孕妇怎样预防支气管炎,0
49,支气管炎,支气管炎吃什么药孕妇六个月,六个月的孕妇支气管炎的症状是什么,0
50,支气管炎,支气管炎和下支气管炎有什么区别？,支气管炎和下支气管炎的区别,1
51,支气管炎,支气管炎和下支气管炎有什么区别？,上呼吸道和下支气管炎有什么不同吗,1
52,支气管炎,支气管炎和下支气管炎有什么区别？,我想下。宝宝支气管炎和下支气管炎有什么差别？,0
53,支气管炎,支气管炎和下支气管炎有什么区别？,"上呼吸道跟下支气管炎怎么区别,化验单能否看出来",0
54,支气管炎,支气管炎和下支气管炎有什么区别？,上、下支气管炎的区别和具体用药,0
55,支气管炎,支气管炎咳嗽如何治疗?,如何治疗因支气管炎引起的咳嗽？,1
56,支气管炎,支气管炎咳嗽如何治疗?,如何治疗咳嗽？由支气管炎引起的。,1
57,支气管炎,支气管炎咳嗽如何治疗?,支气管炎咳嗽会留下后遗症吗？,0
58,支气管炎,支气管炎咳嗽如何治疗?,支气管炎咳嗽可以自己好吗？,0
59,支气管炎,支气管炎咳嗽如何治疗?,支气管炎咳嗽是什么原因引起的？,0
60,支气管炎,支气管炎如何保健护理,支气管炎应该怎样保健护理,1
61,支气管炎,支气管炎如何保健护理,支气管炎保健护理的操作是什么,1
62,支气管炎,支气管炎如何保健护理,支气管炎患者不能吃什么,0
63,支气管炎,支气管炎如何保健护理,支气管感染平时怎么保健,0
64,支气管炎,支气管炎如何保健护理,支气管炎能喝酒吗,0
65,支气管炎,支气管炎应该吃什么药,支气管炎能吃什么药,1
66,支气管炎,支气管炎应该吃什么药,支气管炎需要吃什么药,1
67,支气管炎,支气管炎应该吃什么药,支气管炎不能吃什么药,0
68,支气管炎,支气管炎应该吃什么药,感冒能引起支气管炎吗,0
69,支气管炎,支气管炎应该吃什么药,支气管炎引起咳嗽怎么办,0
70,支气管炎,支气管炎引起感冒嗓子发炎有痰怎么办,支气管炎引起感冒嗓子发炎有痰怎样治疗,1
71,支气管炎,支气管炎引起感冒嗓子发炎有痰怎么办,支气管炎引起感冒嗓子发炎有痰有效的办法是什么,1
72,支气管炎,支气管炎引起感冒嗓子发炎有痰怎么办,感冒能引起嗓子发炎吗,0
73,支气管炎,支气管炎引起感冒嗓子发炎有痰怎么办,嗓子有痰是支气管炎引起的吗,0
74,支气管炎,支气管炎引起感冒嗓子发炎有痰怎么办,支气管炎能不能吃阿莫西林,0
75,支气管炎,支气管炎引起的小儿咳嗽怎么治疗？,小儿的支气管炎引起的咳嗽怎么治疗？,1
76,支气管炎,支气管炎引起的小儿咳嗽怎么治疗？,因支气管炎而引起的咳嗽怎么治疗？,1
77,支气管炎,支气管炎引起的小儿咳嗽怎么治疗？,小儿支气管炎的病因是什么？,0
78,支气管炎,支气管炎引起的小儿咳嗽怎么治疗？,小儿支气管炎会留下后遗症吗？,0
79,支气管炎,支气管炎引起的小儿咳嗽怎么治疗？,小儿支气管炎可以用哪些药？,0
80,支气管炎,支气管炎引起耳聋耳鸣该如何治疗？,因支气管炎而引起的耳聋耳鸣该怎样治疗？,1
81,支气管炎,支气管炎引起耳聋耳鸣该如何治疗？,怎样治疗因支气管炎而引起的耳聋耳鸣？,1
82,支气管炎,支气管炎引起耳聋耳鸣该如何治疗？,支气管炎引起耳聋耳鸣的原因有哪些？,0
83,支气管炎,支气管炎引起耳聋耳鸣该如何治疗？,支气管炎引起耳聋耳鸣会自己好吗？,0
84,支气管炎,支气管炎引起耳聋耳鸣该如何治疗？,支气管炎引起耳聋耳鸣该如何预防？,0
85,支气管炎,支气管炎怎么办,支气管炎有什么好办法,1
86,支气管炎,支气管炎怎么办,支气管炎需要治疗吗,1
87,支气管炎,支气管炎怎么办,支气管炎的症状起因是什么,0
88,支气管炎,支气管炎怎么办,怎么缓解支气管炎,0
89,支气管炎,支气管炎怎么办,如何预防支气管炎,0
90,支气管炎,支气管炎是什么疾病？,什么是支气管炎,1
91,支气管炎,支气管炎是什么疾病？,支气管炎是一种什么病,1
92,支气管炎,支气管炎是什么疾病？,支气管炎是怎么引起的,0
93,支气管炎,支气管炎是什么疾病？,支气管炎喝什么,0
94,支气管炎,支气管炎是什么疾病？,为什么会支气管炎,0
95,支气管炎,支气管炎用什么药好,支气管炎服什么药效果好,1
96,支气管炎,支气管炎用什么药好,支气管炎吃什么药,1
97,支气管炎,支气管炎用什么药好,支气管炎有什么症状,0
98,支气管炎,支气管炎用什么药好,支气管炎雾化可以吗,0
99,支气管炎,支气管炎用什么药好,支气管炎能引起鼻窦炎吗,0
100,支气管炎,支气管炎症状是怎么样的,支气管炎症状有哪些,1
101,支气管炎,支气管炎症状是怎么样的,支气管炎有哪些临床症状？,1
102,支气管炎,支气管炎症状是怎么样的,急性支气管炎症状具体是怎样的呢？这个一般是哪些造成的呢？,0
103,支气管炎,支气管炎症状是怎么样的,急性支气管炎的症状是怎样,0
104,支气管炎,支气管炎症状是怎么样的,支气管炎吃什么好？,0
105,支气管炎,支气管炎的症状有哪些,支气管炎有什么症状,1
106,支气管炎,支气管炎的症状有哪些,什么是支气管炎的症状,1
107,支气管炎,支气管炎的症状有哪些,支气管炎用什么药,0
108,支气管炎,支气管炎的症状有哪些,支气管炎用输液吗,0
109,支气管炎,支气管炎的症状有哪些,支气管炎怎么治疗,0
110,支气管炎,上咽痛是支气管炎吗,上咽痛是支气管炎的症状吗,1
111,支气管炎,上咽痛是支气管炎吗,上咽痛是支气管炎的表现吗,1
112,支气管炎,上咽痛是支气管炎吗,上咽痛是什么病,0
113,支气管炎,上咽痛是支气管炎吗,上咽痛该怎么办,0
114,支气管炎,上咽痛是支气管炎吗,上咽痛应该吃什么药,0
115,支气管炎,严重的支气管炎病怎么治就是一直咳嗽,一直咳嗽有严重的支气管炎病该怎么治疗？,1
116,支气管炎,严重的支气管炎病怎么治就是一直咳嗽,一直咳嗽有严重的支气管炎病如何医治？,1
117,支气管炎,严重的支气管炎病怎么治就是一直咳嗽,支气管炎病有什么症状？,0
118,支气管炎,严重的支气管炎病怎么治就是一直咳嗽,支气管炎病的病因是什么？,0
119,支气管炎,严重的支气管炎病怎么治就是一直咳嗽,咳嗽，支气管炎，支气管炎用什么药？,0
120,支气管炎,中医如何治疗支气管炎,中医怎么治疗支气管炎？,1
121,支气管炎,中医如何治疗支气管炎,支气管炎怎么通过中医治疗？,1
122,支气管炎,中医如何治疗支气管炎,中医治疗支气管炎效果如何？,0
123,支气管炎,中医如何治疗支气管炎,支气管炎的中医治疗方法有哪些？,0
124,支气管炎,中医如何治疗支气管炎,支气管炎的中药方有哪些？,0
125,支气管炎,中耳炎能使支气管炎吗,中耳炎会使支气管炎吗?,1
126,支气管炎,中耳炎能使支气管炎吗,中耳炎会不会使支气管炎？,1
127,支气管炎,中耳炎能使支气管炎吗,中耳炎能使上呼吸道严重感染吗？,0
128,支气管炎,中耳炎能使支气管炎吗,中耳炎吃什么药比较好呢？,0
129,支气管炎,中耳炎能使支气管炎吗,中耳炎吃什么药效果最好呢？,0
130,支气管炎,中耳炎能使支气管炎吗,支气管炎和中耳炎有关系吗,1
131,支气管炎,中耳炎能使支气管炎吗,中耳炎能引起支气管炎吗,1
132,支气管炎,中耳炎能使支气管炎吗,中耳炎是怎么引起的,0
133,支气管炎,中耳炎能使支气管炎吗,中耳炎能马上停药吗,0
134,支气管炎,中耳炎能使支气管炎吗,中耳炎能根治吗,0
135,支气管炎,什么是咳嗽支气管炎?,什么叫做咳嗽支气管炎,1
136,支气管炎,什么是咳嗽支气管炎?,什么是变异性咳嗽支气管炎？,1
137,支气管炎,什么是咳嗽支气管炎?,咳嗽支气管炎什么症状,0
138,支气管炎,什么是咳嗽支气管炎?,咳嗽支气管炎有什么表现,0
139,支气管炎,什么是咳嗽支气管炎?,咳嗽支气管炎用药有哪些,0
140,支气管炎,你家小孩子得了支气管炎怎么办？,孩子得了支气管炎怎么办才好？,1
141,支气管炎,你家小孩子得了支气管炎怎么办？,你家小孩子得了支气管炎该怎么做？,1
142,支气管炎,你家小孩子得了支气管炎怎么办？,小孩子得了支气管炎会传染吗？,0
143,支气管炎,你家小孩子得了支气管炎怎么办？,得了支气管炎有什么症状？,0
144,支气管炎,你家小孩子得了支气管炎怎么办？,支气管炎能治好吗？,0
145,支气管炎,儿童支气管炎吃什么药,哪些药治疗儿童支气管炎,1
146,支气管炎,儿童支气管炎吃什么药,儿童支气管炎需要吃什么药,1
147,支气管炎,儿童支气管炎吃什么药,儿童支气管炎的症状是什么,0
148,支气管炎,儿童支气管炎吃什么药,儿童支气管炎分几种,0
149,支气管炎,儿童支气管炎吃什么药,儿童支气管炎能引起咳嗽吗,0
150,支气管炎,儿童反复支气管炎怎么办？,儿童上支气管炎怎么办？,1
151,支气管炎,儿童反复支气管炎怎么办？,儿童反复支气管炎怎么办？,1
152,支气管炎,儿童反复支气管炎怎么办？,儿童反复支气管炎是什么原因？,0
153,支气管炎,儿童反复支气管炎怎么办？,儿童支气管炎主要症状有哪些？,0
154,支气管炎,儿童反复支气管炎怎么办？,儿童支气管炎如何预防？,0
155,支气管炎,儿童支气管炎如何治疗,小儿支气管炎怎么治疗？,1
156,支气管炎,儿童支气管炎如何治疗,该如何治疗小儿支气管炎？,1
157,支气管炎,儿童支气管炎如何治疗,小儿支气管炎是什么？,0
158,支气管炎,儿童支气管炎如何治疗,小儿支气管炎怎么确诊？,0
159,支气管炎,儿童支气管炎如何治疗,治小儿支气管炎多少费用？,0
160,支气管炎,儿童支气管炎氨茶碱吃几个疗程,儿童支气管炎需要吃氨茶碱几个疗程？,1
161,支气管炎,儿童支气管炎氨茶碱吃几个疗程,儿童支气管炎吃几个疗程的氨茶碱能好？,1
162,支气管炎,儿童支气管炎氨茶碱吃几个疗程,支气管炎吃氨茶碱有副作用吗？,0
163,支气管炎,儿童支气管炎氨茶碱吃几个疗程,小孩支气管炎对氨茶碱有依赖吗？,0
164,支气管炎,儿童支气管炎氨茶碱吃几个疗程,支气管炎是用氨茶碱吗？,0
165,支气管炎,儿童支气管炎氨茶碱吃几个疗程,儿童支气管炎氨茶碱需要吃几个疗程？,1
166,支气管炎,儿童支气管炎氨茶碱吃几个疗程,治疗儿童支气管炎氨茶碱要吃几个疗程药？,1
167,支气管炎,儿童支气管炎氨茶碱吃几个疗程,儿童支气管炎氨茶碱会有副作用吗？,0
168,支气管炎,儿童支气管炎氨茶碱吃几个疗程,儿童支气管炎吃氨茶碱过量了怎么办？,0
169,支气管炎,儿童支气管炎氨茶碱吃几个疗程,儿童支气管炎吃什么药好？,0
170,支气管炎,北京治疗支气管炎好的医院是哪家,北京哪家医院治疗支气管炎好？,1
171,支气管炎,北京治疗支气管炎好的医院是哪家,北京哪家医院治疗支气管炎效果好？,1
172,支气管炎,北京治疗支气管炎好的医院是哪家,支气管炎好治吗？,0
173,支气管炎,北京治疗支气管炎好的医院是哪家,哪个地区治疗支气管炎高效？,0
174,支气管炎,北京治疗支气管炎好的医院是哪家,支气管炎病怎么治疗?,0
175,支气管炎,反复支气管炎，什么原因导致,上呼吸道总是反复感染什么原因,1
176,支气管炎,反复支气管炎，什么原因导致,上支气管炎原因？,1
177,支气管炎,反复支气管炎，什么原因导致,支气管炎 小孩反复发烧到底是什么原因,0
178,支气管炎,反复支气管炎，什么原因导致,求解反复支气管炎的原因和痊愈方法,0
179,支气管炎,反复支气管炎，什么原因导致,支气管炎8 个月大小孩反复发烧是什么原因,0
180,支气管炎,发烧，咽痛，有痰咳嗽支气管炎,发烧，咽痛，有痰咳嗽支气管炎怎么办,1
181,支气管炎,发烧，咽痛，有痰咳嗽支气管炎,发烧，咽痛，有痰咳嗽支气管炎怎么治疗,1
182,支气管炎,发烧，咽痛，有痰咳嗽支气管炎,发烧，咽痛，有痰咳嗽是感冒了吗,0
183,支气管炎,发烧，咽痛，有痰咳嗽支气管炎,发烧，咽痛，有痰咳嗽是支气管炎吗,0
184,支气管炎,发烧，咽痛，有痰咳嗽支气管炎,发烧，咽痛，有痰咳嗽是怎么了,0
185,支气管炎,支气管炎中医能不能治好,支气管炎中医能治好吗？,1
186,支气管炎,支气管炎中医能不能治好,中医可不可以治疗支气管炎？,1
187,支气管炎,支气管炎中医能不能治好,支气管炎的症状有哪些？,0
188,支气管炎,支气管炎中医能不能治好,支气管炎是什么？,0
189,支气管炎,支气管炎中医能不能治好,支气管炎的注意事项有什么？,0
190,支气管炎,支气管炎吃什么好?,"确诊患了支气管炎,应该吃什么药",1
191,支气管炎,支气管炎吃什么好?,支气管炎吃什么药管事？,1
192,支气管炎,支气管炎吃什么好?,怎么会得支气管炎？,0
193,支气管炎,支气管炎吃什么好?,什么是支气管炎,0
194,支气管炎,支气管炎吃什么好?,支气管炎什么症状,0
195,支气管炎,支气管炎如何才能不咳嗽,怎样缓解支气管炎的咳嗽症状,1
196,支气管炎,支气管炎如何才能不咳嗽,支气管炎通过什么方法缓解咳嗽,1
197,支气管炎,支气管炎如何才能不咳嗽,什么叫咳嗽支气管炎,0
198,支气管炎,支气管炎如何才能不咳嗽,怎样预防咳嗽支气管炎呢,0
199,支气管炎,支气管炎如何才能不咳嗽,咳嗽支气管炎是什么样的症状呢,0
200,支气管炎,支气管炎常见的症状有哪些?,支气管炎的症状特点有哪些？,1
201,支气管炎,支气管炎常见的症状有哪些?,支气管炎的临床特征有哪些？,1
202,支气管炎,支气管炎常见的症状有哪些?,支气管炎吃什么药好,0
203,支气管炎,支气管炎常见的症状有哪些?,支气管炎该如何治疗,0
204,支气管炎,支气管炎常见的症状有哪些?,支气管炎病因是哪些呢,0
205,支气管炎,支气管炎应该要注意什么?,患有支气管炎需要注意的地方有什么呢？,1
206,支气管炎,支气管炎应该要注意什么?,哪些是支气管炎患者应该注意的？,1
207,支气管炎,支气管炎应该要注意什么?,支气管炎吃什么药好,0
208,支气管炎,支气管炎应该要注意什么?,支气管炎该怎么办？,0
209,支气管炎,支气管炎应该要注意什么?,怎样查支气管炎？,0
210,支气管炎,支气管炎怎么预防复发,预防支气管炎应该怎样做,1
211,支气管炎,支气管炎怎么预防复发,如何预防支气管炎复发,1
212,支气管炎,支气管炎怎么预防复发,得了支气管炎如何缓解,0
213,支气管炎,支气管炎怎么预防复发,支气管炎的特征是什么,0
214,支气管炎,支气管炎怎么预防复发,支气管炎都有哪些类别,0
215,支气管炎,支气管炎有什么症状，会带白痰吗,支气管炎的症状有哪些，有白痰吗？,1
216,支气管炎,支气管炎有什么症状，会带白痰吗,支气管炎的症状有什么表现会有白痰吗？,1
217,支气管炎,支气管炎有什么症状，会带白痰吗,支气管炎是怎么引发的？,0
218,支气管炎,支气管炎有什么症状，会带白痰吗,支气管炎的注意事项有什么？,0
219,支气管炎,支气管炎有什么症状，会带白痰吗,支气管炎会传染吗？,0
220,支气管炎,支气管炎有没有最好的治疗方法?,支气管炎什么方法治疗最好？,1
221,支气管炎,支气管炎有没有最好的治疗方法?,采用什么方法治疗支气管炎最好？,1
222,支气管炎,支气管炎有没有最好的治疗方法?,支气管炎症状是什么,0
223,支气管炎,支气管炎有没有最好的治疗方法?,什么是支气管炎,0
224,支气管炎,支气管炎有没有最好的治疗方法?,支气管炎是怎么得的,0
225,支气管炎,支气管炎的检查项目有哪些,支气管炎要做哪些检查？,1
226,支气管炎,支气管炎的检查项目有哪些,支气管炎要做什么样的检查？,1
227,支气管炎,支气管炎的检查项目有哪些,支气管炎要注意什么？,0
228,支气管炎,支气管炎的检查项目有哪些,支气管炎的症状有哪些？,0
229,支气管炎,支气管炎的检查项目有哪些,支气管炎病是怎么造成的？,0
230,支气管炎,支气管炎的症状有哪些?,支气管炎的表现有哪些,1
231,支气管炎,支气管炎的症状有哪些?,哪些是支气管炎的症状,1
232,支气管炎,支气管炎的症状有哪些?,支气管炎怎么办,0
233,支气管炎,支气管炎的症状有哪些?,支气管炎如何确认？,0
234,支气管炎,支气管炎的症状有哪些?,支气管炎是怎么得的,0
235,支气管炎,支气管炎能吃什么呢,患支气管炎者该吃什么好呢？,1
236,支气管炎,支气管炎能吃什么呢,吃什么对支气管炎患者好,1
237,支气管炎,支气管炎能吃什么呢,怎么会得支气管炎？,0
238,支气管炎,支气管炎能吃什么呢,得了支气管炎怎么办？,0
239,支气管炎,支气管炎能吃什么呢,支气管炎该如何确认？,0
240,支气管炎,支气管炎要吃什么药?,支气管炎应该吃什么药?,1
241,支气管炎,支气管炎要吃什么药?,支气管炎可以吃什么药?,1
242,支气管炎,支气管炎要吃什么药?,支气管炎不能吃什么食物?,0
243,支气管炎,支气管炎要吃什么药?,支气管炎吃什么食疗,0
244,支气管炎,支气管炎要吃什么药?,支气管炎都有什么症状,0
245,支气管炎,支气管炎饮食禁忌有哪些,支气管炎饮食禁忌是什么？,1
246,支气管炎,支气管炎饮食禁忌有哪些,支气管炎饮食上哪些能吃哪些不能？,1
247,支气管炎,支气管炎饮食禁忌有哪些,支气管炎的症状有哪些？,0
248,支气管炎,支气管炎饮食禁忌有哪些,变异性支气管支气管炎怎么治疗?,0
249,支气管炎,支气管炎饮食禁忌有哪些,支气管炎病是怎样引起的？,0
250,支气管炎,支气管炎饮食禁忌有哪些,支气管炎有哪些食物不能吃,1
251,支气管炎,支气管炎饮食禁忌有哪些,支气管炎不能吃什么？,1
252,支气管炎,支气管炎饮食禁忌有哪些,什么是支气管炎,0
253,支气管炎,支气管炎饮食禁忌有哪些,支气管炎怎么治疗,0
254,支气管炎,支气管炎饮食禁忌有哪些,支气管炎的症状有哪些？,0
255,支气管炎,支气管炎，该做什么检查确诊,支气管炎确诊需要做什么检查？,1
256,支气管炎,支气管炎，该做什么检查确诊,确诊支气管炎需要做哪些检查？,1
257,支气管炎,支气管炎，该做什么检查确诊,支气管炎的症状有哪些？,0
258,支气管炎,支气管炎，该做什么检查确诊,支气管炎病是怎么造成的？,0
259,支气管炎,支气管炎，该做什么检查确诊,支气管炎的注意事项有什么？,0
260,支气管炎,吃了支气管炎药身上发热发抖怎么回事,吃了支气管炎药身上发热发抖是什么原因？,1
261,支气管炎,吃了支气管炎药身上发热发抖怎么回事,吃了支气管炎药身上发热发抖是怎么了？,1
262,支气管炎,吃了支气管炎药身上发热发抖怎么回事,吃了支气管炎药身上发热发抖正常吗？,0
263,支气管炎,吃了支气管炎药身上发热发抖怎么回事,支气管炎病病因是什么？,0
264,支气管炎,吃了支气管炎药身上发热发抖怎么回事,支气管炎病有哪些症状？,0
265,支气管炎,含姜片能治咽炎和支气管炎吗？,支气管炎和咽炎含姜片能治疗吗？,1
266,支气管炎,含姜片能治咽炎和支气管炎吗？,咽炎和支气管炎能通过含姜片治疗吗？,1
267,支气管炎,含姜片能治咽炎和支气管炎吗？,含姜片治疗咽炎和支气管炎的原理是什么？,0
268,支气管炎,含姜片能治咽炎和支气管炎吗？,含姜片治疗咽炎和支气管炎用什么替代？,0
269,支气管炎,含姜片能治咽炎和支气管炎吗？,含姜片治疗咽炎和支气管炎有副作用吗？,0
270,支气管炎,咳嗽支气管炎一般服用什么药物,"确诊患了咳嗽支气管炎,应该吃什么药",1
271,支气管炎,咳嗽支气管炎一般服用什么药物,咳嗽性支气管炎吃什么药呢,1
272,支气管炎,咳嗽支气管炎一般服用什么药物,咳嗽支气管炎有什么症状,0
273,支气管炎,咳嗽支气管炎一般服用什么药物,什么是变异性咳嗽支气管炎？,0
274,支气管炎,咳嗽支气管炎一般服用什么药物,咳嗽支气管炎注意些什么？,0
275,支气管炎,咳嗽支气管炎与支气管炎的区别是什么?,咳嗽支气管炎与支气管炎有哪些差别,1
276,支气管炎,咳嗽支气管炎与支气管炎的区别是什么?,咳嗽支气管炎与支气管炎的不同点在哪里,1
277,支气管炎,咳嗽支气管炎与支气管炎的区别是什么?,什么是咳嗽支气管炎,0
278,支气管炎,咳嗽支气管炎与支气管炎的区别是什么?,咳嗽支气管炎的症状有哪些,0
279,支气管炎,咳嗽支气管炎与支气管炎的区别是什么?,咳嗽支气管炎用药有哪些,0
280,支气管炎,咳嗽支气管炎会变成典型支气管炎吗,咳嗽支气管炎会发展成典型支气管炎吗？,1
281,支气管炎,咳嗽支气管炎会变成典型支气管炎吗,咳嗽支气管炎能否变成典型支气管炎？,1
282,支气管炎,咳嗽支气管炎会变成典型支气管炎吗,支气管炎的典型三大症状是什么？,0
283,支气管炎,咳嗽支气管炎会变成典型支气管炎吗,支气管炎典型的临床表现为什么?,0
284,支气管炎,咳嗽支气管炎会变成典型支气管炎吗,不典型支气管炎该怎么治疗？,0
285,支气管炎,咳嗽支气管炎会自愈吗,咳嗽支气管炎能否自愈,1
286,支气管炎,咳嗽支气管炎会自愈吗,咳嗽支气管炎会自己康复吗,1
287,支气管炎,咳嗽支气管炎会自愈吗,咳嗽支气管炎多久能好,0
288,支气管炎,咳嗽支气管炎会自愈吗,咳嗽支气管炎要怎么办？,0
289,支气管炎,咳嗽支气管炎会自愈吗,什么是咳嗽支气管炎,0
290,支气管炎,咳嗽支气管炎可以彻底治好吗,咳嗽支气管炎能根治吗,1
291,支气管炎,咳嗽支气管炎可以彻底治好吗,咳嗽支气管炎能够完全治疗康复吗,1
292,支气管炎,咳嗽支气管炎可以彻底治好吗,，咳嗽支气管炎严重吗？,0
293,支气管炎,咳嗽支气管炎可以彻底治好吗,咳嗽支气管炎怎么治疗,0
294,支气管炎,咳嗽支气管炎可以彻底治好吗,咳嗽他是支气管炎么,0
295,支气管炎,咳嗽支气管炎可以治愈吗,咳嗽支气管炎能治愈吗,1
296,支气管炎,咳嗽支气管炎可以治愈吗,咳嗽支气管炎可以根治吗,1
297,支气管炎,咳嗽支气管炎可以治愈吗,儿童是咳嗽支气管炎的高发人群吗,0
298,支气管炎,咳嗽支气管炎可以治愈吗,咳嗽支气管炎是咳嗽引起的吗,0
299,支气管炎,咳嗽支气管炎可以治愈吗,咳嗽支气管炎是支气管炎吗,0
300,支气管炎,咳嗽支气管炎如何治疗,怎样治疗咳嗽支气管炎？,1
301,支气管炎,咳嗽支气管炎如何治疗,咳嗽支气管炎要怎么办？,1
302,支气管炎,咳嗽支气管炎如何治疗,咳嗽支气管炎原因是什么？,0
303,支气管炎,咳嗽支气管炎如何治疗,什么是咳嗽支气管炎,0
304,支气管炎,咳嗽支气管炎如何治疗,咳嗽支气管炎怎么确诊,0
305,支气管炎,咳嗽支气管炎是什么原因导致的?,咳嗽支气管炎病因是什么？,1
306,支气管炎,咳嗽支气管炎是什么原因导致的?,什么原因导致的咳嗽支气管炎,1
307,支气管炎,咳嗽支气管炎是什么原因导致的?,咳嗽支气管炎症状是什么,0
308,支气管炎,咳嗽支气管炎是什么原因导致的?,咳嗽支气管炎怎么治疗,0
309,支气管炎,咳嗽支气管炎是什么原因导致的?,咳嗽支气管炎注意什么？,0
310,支气管炎,咳嗽支气管炎用什么方法治疗好,咳嗽支气管炎的治疗方法哪个好？,1
311,支气管炎,咳嗽支气管炎用什么方法治疗好,咳嗽支气管炎的治疗什么方法可取？,1
312,支气管炎,咳嗽支气管炎用什么方法治疗好,咳嗽支气管炎不能吃什么？,0
313,支气管炎,咳嗽支气管炎用什么方法治疗好,支气管炎有什么症状？,0
314,支气管炎,咳嗽支气管炎用什么方法治疗好,什么是变异性咳嗽支气管炎？,0
315,支气管炎,咳嗽支气管炎的症状有哪些,咳嗽支气管炎有什么症状？,1
316,支气管炎,咳嗽支气管炎的症状有哪些,咳嗽支气管炎的症状是什么？,1
317,支气管炎,咳嗽支气管炎的症状有哪些,咳嗽支气管炎的治疗方法哪个好？,0
318,支气管炎,咳嗽支气管炎的症状有哪些,咳嗽支气管炎能根治？,0
319,支气管炎,咳嗽支气管炎的症状有哪些,咳嗽支气管炎不能吃什么？,0
320,支气管炎,咳嗽支气管炎能治疗好吗?,咳嗽支气管炎可以治愈吗,1
321,支气管炎,咳嗽支气管炎能治疗好吗?,咳嗽支气管炎能有治愈的可能吗？,1
322,支气管炎,咳嗽支气管炎能治疗好吗?,，咳嗽支气管炎严重吗？,0
323,支气管炎,咳嗽支气管炎能治疗好吗?,咳嗽支气管炎会胸闷吗？,0
324,支气管炎,咳嗽支气管炎能治疗好吗?,咳嗽支气管炎影响怀孕吗？,0
325,支气管炎,咳嗽支气管炎需要长期用药吗,咳嗽支气管炎需要用药很长时间吗,1
326,支气管炎,咳嗽支气管炎需要长期用药吗,咳嗽支气管炎是不是要长期服药啊？,1
327,支气管炎,咳嗽支气管炎需要长期用药吗,什么是变异性咳嗽支气管炎？,0
328,支气管炎,咳嗽支气管炎需要长期用药吗,咳嗽支气管炎什么症状,0
329,支气管炎,咳嗽支气管炎需要长期用药吗,咳嗽支气管炎注意些什么？,0
330,支气管炎,"支气管炎,咳嗽,气喘的能吃孟鲁司特钠片吗","支气管炎,咳嗽,气喘吃孟鲁司特钠片可以吗？",1
331,支气管炎,"支气管炎,咳嗽,气喘的能吃孟鲁司特钠片吗","支气管炎,咳嗽,气喘适宜吃孟鲁司特钠片吗？",1
332,支气管炎,"支气管炎,咳嗽,气喘的能吃孟鲁司特钠片吗",孟鲁司特钠片有什么副作用？,0
333,支气管炎,"支气管炎,咳嗽,气喘的能吃孟鲁司特钠片吗","支气管炎,咳嗽,气喘该注意什么在饮食上？",0
334,支气管炎,"支气管炎,咳嗽,气喘的能吃孟鲁司特钠片吗",孟鲁司特钠片有什么功效？,0
335,支气管炎,支气管炎发作时是否需要使用抗生素,支气管炎发作需要吃抗生素吗？,1
336,支气管炎,支气管炎发作时是否需要使用抗生素,支气管炎发作能用抗生素吗？,1
337,支气管炎,支气管炎发作时是否需要使用抗生素,支气管炎发作有什么症状？,0
338,支气管炎,支气管炎发作时是否需要使用抗生素,支气管炎发作时怎么治疗？,0
339,支气管炎,支气管炎发作时是否需要使用抗生素,支气管炎发作时有什么特点？,0
340,支气管炎,支气管炎咳嗽吃什么水果好？,支气管炎咳嗽适宜吃什么水果效果好？,1
341,支气管炎,支气管炎咳嗽吃什么水果好？,支气管炎咳嗽吃什么水果比较好？,1
342,支气管炎,支气管炎咳嗽吃什么水果好？,支气管炎咳嗽能怎么食疗？,0
343,支气管炎,支气管炎咳嗽吃什么水果好？,支气管炎咳嗽要住院吗？,0
344,支气管炎,支气管炎咳嗽吃什么水果好？,支气管炎咳嗽该怎么治疗？,0
345,支气管炎,支气管炎怎么就突然间好了？,为什么支气管炎突然就好了？,1
346,支气管炎,支气管炎怎么就突然间好了？,支气管炎突然间好了是什么原因？,1
347,支气管炎,支气管炎怎么就突然间好了？,支气管炎不能自愈吗？,0
348,支气管炎,支气管炎怎么就突然间好了？,支气管炎病是怎么得上的？,0
349,支气管炎,支气管炎怎么就突然间好了？,支气管炎病有哪些症状？,0
350,支气管炎,支气管炎是支气管炎吗？,支气管炎是支气管炎吗？,1
351,支气管炎,支气管炎是支气管炎吗？,支气管炎和支气管炎一样吗？,1
352,支气管炎,支气管炎是支气管炎吗？,支气管炎与支气管炎可以用什么药治疗？,0
353,支气管炎,支气管炎是支气管炎吗？,支气管炎与支气管炎有什么关系？,0
354,支气管炎,支气管炎是支气管炎吗？,支气管炎与支气管炎会有后遗症吗？,0
355,支气管炎,支气管炎是怎样的一种病？,支气管炎是一种怎样的疾病呢？,1
356,支气管炎,支气管炎是怎样的一种病？,支气管炎是怎样的疾病呀？,1
357,支气管炎,支气管炎是怎样的一种病？,支气管炎的发病原因是怎样的？,0
358,支气管炎,支气管炎是怎样的一种病？,支气管炎病人的饮食是怎样的呢？,0
359,支气管炎,支气管炎是怎样的一种病？,支气管炎是怎么发生的啊？,0
360,支气管炎,支气管炎治好了，为什么总是胸闷的很,支气管炎治好了，却总是胸闷的很是怎么回事？,1
361,支气管炎,支气管炎治好了，为什么总是胸闷的很,支气管炎治好了，总是胸闷的很是什么原因？,1
362,支气管炎,支气管炎治好了，为什么总是胸闷的很,支气管炎治好了会复发吗？,0
363,支气管炎,支气管炎治好了，为什么总是胸闷的很,支气管炎怎么治？,0
364,支气管炎,支气管炎治好了，为什么总是胸闷的很,支气管炎能否根治？,0
365,支气管炎,支气管炎病在饮食上应注意什么?,支气管炎病饮食方面需要注意哪些?,1
366,支气管炎,支气管炎病在饮食上应注意什么?,支气管炎病在饮食上要注意的事项是什么?,1
367,支气管炎,支气管炎病在饮食上应注意什么?,支气管炎病怎么治疗?,0
368,支气管炎,支气管炎病在饮食上应注意什么?,支气管炎病病因是什么？,0
369,支气管炎,支气管炎病在饮食上应注意什么?,支气管炎病有哪些症状？,0
370,支气管炎,支气管炎病的发病原因有哪些？,支气管炎为什么会发病？,1
371,支气管炎,支气管炎病的发病原因有哪些？,支气管炎病的病因是什么？,1
372,支气管炎,支气管炎病的发病原因有哪些？,支气管炎病有哪些症状？,0
373,支气管炎,支气管炎病的发病原因有哪些？,支气管炎病发病严重吗？,0
374,支气管炎,支气管炎病的发病原因有哪些？,支气管炎病发病怎么治？,0
375,支气管炎,支气管炎的检查方法都有哪些啊？,支气管炎检查有哪些检查？,1
376,支气管炎,支气管炎的检查方法都有哪些啊？,支气管炎检查项目有哪些？,1
377,支气管炎,支气管炎的检查方法都有哪些啊？,支气管炎病是怎么检查出来的？,0
378,支气管炎,支气管炎的检查方法都有哪些啊？,刚检查过敏源有尘螨，如何脱敏？,0
379,支气管炎,支气管炎的检查方法都有哪些啊？,肺功能检查正常能否诊断为支气管炎？,0
380,支气管炎,支气管炎转成慢阻肺能治好么,支气管炎转成慢阻肺能治愈吗,1
381,支气管炎,支气管炎转成慢阻肺能治好么,支气管炎转成慢阻肺可以治愈吗,1
382,支气管炎,支气管炎转成慢阻肺能治好么,什么是慢阻肺，和支气管炎的区别是什么,0
383,支气管炎,支气管炎转成慢阻肺能治好么,怎样快速治疗慢阻肺疾病,0
384,支气管炎,支气管炎转成慢阻肺能治好么,支气管炎和慢阻肺区别是什么,0
385,支气管炎,支气管炎需要做什么检查确诊,支气管炎做什么检查能够确诊？,1
386,支气管炎,支气管炎需要做什么检查确诊,做什么检查能确诊支气管炎？,1
387,支气管炎,支气管炎需要做什么检查确诊,支气管炎病发病怎么治？,0
388,支气管炎,支气管炎需要做什么检查确诊,支气管炎病的病因是什么？,0
389,支气管炎,支气管炎需要做什么检查确诊,支气管炎病人能吃什么药？,0
390,支气管炎,在饮食上咳嗽支气管炎要注意什么,咳嗽性变异支气管炎如何注意饮食？,1
391,支气管炎,在饮食上咳嗽支气管炎要注意什么,咳嗽支气管炎饮食禁忌是什么？,1
392,支气管炎,在饮食上咳嗽支气管炎要注意什么,如何治疗支气管炎？,0
393,支气管炎,在饮食上咳嗽支气管炎要注意什么,咳嗽支气管炎是什么？,0
394,支气管炎,在饮食上咳嗽支气管炎要注意什么,支气管炎是怎么得的？,0
395,支气管炎,"女儿九岁,支气管炎,已吃药两天不见好怎么办","女儿九岁,支气管炎,已吃药两天不见好怎么治疗？",1
396,支气管炎,"女儿九岁,支气管炎,已吃药两天不见好怎么办","女儿九岁,支气管炎,已吃药两天不见好该如何是好？",1
397,支气管炎,"女儿九岁,支气管炎,已吃药两天不见好怎么办",小孩支气管炎的症状有哪些？,0
398,支气管炎,"女儿九岁,支气管炎,已吃药两天不见好怎么办",支气管炎好治吗？,0
399,支气管炎,"女儿九岁,支气管炎,已吃药两天不见好怎么办",宝宝支气管炎多久能好？,0
400,支气管炎,如何正规治疗小儿支气管炎,怎么正规治疗小儿支气管炎？,1
401,支气管炎,如何正规治疗小儿支气管炎,正规治疗小儿支气管炎怎么治？,1
402,支气管炎,如何正规治疗小儿支气管炎,小儿支气管炎的后果是什么？,0
403,支气管炎,如何正规治疗小儿支气管炎,小儿支气管炎症状有哪些？,0
404,支气管炎,如何正规治疗小儿支气管炎,小儿支气管炎如何预防？,0
405,支气管炎,如何预防婴幼儿支气管炎,婴幼儿支气管炎预防措施有哪些,1
406,支气管炎,如何预防婴幼儿支气管炎,怎样预防婴幼儿支气管炎,1
407,支气管炎,如何预防婴幼儿支气管炎,支气管炎的易感人群是什么,0
408,支气管炎,如何预防婴幼儿支气管炎,支气管炎的症状是什么,0
409,支气管炎,如何预防婴幼儿支气管炎,什么药可以治支气管炎,0
410,支气管炎,婴儿支气管炎是什么引起的,婴儿支气管炎是怎么造成的？,1
411,支气管炎,婴儿支气管炎是什么引起的,婴儿支气管炎是什么导致的？,1
412,支气管炎,婴儿支气管炎是什么引起的,新生儿支气管炎，会引发唇色发黑么？,0
413,支气管炎,婴儿支气管炎是什么引起的,婴儿支气管炎，会有什么症状呢,0
414,支气管炎,婴儿支气管炎是什么引起的,婴儿支气管炎，要用什么药物治疗呢,0
415,支气管炎,婴儿支气管炎是什么引起的,什么原因导致婴幼儿支气管炎,1
416,支气管炎,婴儿支气管炎是什么引起的,婴幼儿为什么会得支气管炎,1
417,支气管炎,婴儿支气管炎是什么引起的,支气管炎的症状是什么,0
418,支气管炎,婴儿支气管炎是什么引起的,支气管炎和下支气管炎有什么区别,0
419,支气管炎,婴儿支气管炎是什么引起的,支气管炎会引起胸闷气短吗,0
420,支气管炎,婴儿支气管炎是什么引起的,什么原因会引起婴幼儿支气管炎,1
421,支气管炎,婴儿支气管炎是什么引起的,婴幼儿免疫力下降是不是会引起支气管炎,1
422,支气管炎,婴儿支气管炎是什么引起的,婴幼儿支气管炎能吃油腻的食物吗,0
423,支气管炎,婴儿支气管炎是什么引起的,婴幼儿支气管炎补充维生素可以改善吗,0
424,支气管炎,婴儿支气管炎是什么引起的,两个月的婴儿支气管炎可以吃药吗,0
425,支气管炎,婴幼儿支气管炎的症状是什么？,婴幼儿支气管炎的症状有哪些？,1
426,支气管炎,婴幼儿支气管炎的症状是什么？,支气管炎婴幼儿有哪些症状？,1
427,支气管炎,婴幼儿支气管炎的症状是什么？,婴幼儿支气管炎如何预防？,0
428,支气管炎,婴幼儿支气管炎的症状是什么？,婴幼儿支气管炎可以预防吗？,0
429,支气管炎,婴幼儿支气管炎的症状是什么？,婴幼儿支气管炎的病因是什么？,0
430,支气管炎,孕妇支气管炎吃什么药?,孕妇支气管炎怎样治疗,1
431,支气管炎,孕妇支气管炎吃什么药?,孕妇支气管炎能吃什么药,1
432,支气管炎,孕妇支气管炎吃什么药?,孕妇支气管炎是什么引起的,0
433,支气管炎,孕妇支气管炎吃什么药?,受凉会引起孕妇支气管炎吗,0
434,支气管炎,孕妇支气管炎吃什么药?,孕妇支气管炎能引起腹泻吗,0
435,支气管炎,孩子支气管炎吃什么药?,孩子支气管炎可以吃那种药,1
436,支气管炎,孩子支气管炎吃什么药?,孩子支气管炎用什么药管用,1
437,支气管炎,孩子支气管炎吃什么药?,孩子发热吃什么药最有效,0
438,支气管炎,孩子支气管炎吃什么药?,孩子支气管炎挂什么科室,0
439,支气管炎,孩子支气管炎吃什么药?,支气管炎吃罗红霉素有效果吗,0
440,支气管炎,孩子支气管炎引起反复发烧是什么原因,孩子支气管炎引起发烧的诱因是什么,1
441,支气管炎,孩子支气管炎引起反复发烧是什么原因,孩子支气管炎引起反复发烧是什么引起的,1
442,支气管炎,孩子支气管炎引起反复发烧是什么原因,孩子先咳嗽后发烧是肺炎吗,0
443,支气管炎,孩子支气管炎引起反复发烧是什么原因,孩子支气管炎怎么办,0
444,支气管炎,孩子支气管炎引起反复发烧是什么原因,孩子支气管炎能引起什么不适,0
445,支气管炎,孩子支气管炎怎么办？,怎么应对孩子支气管炎？,1
446,支气管炎,孩子支气管炎怎么办？,孩子支气管炎怎么应对？,1
447,支气管炎,孩子支气管炎怎么办？,孩子支气管炎如何预防？,0
448,支气管炎,孩子支气管炎怎么办？,孩子支气管炎可以用哪些药？,0
449,支气管炎,孩子支气管炎怎么办？,孩子上支气管炎怎么办？,0
450,支气管炎,孩子咳嗽有支气管炎的征兆怎么办？,孩子咳嗽有支气管炎的征兆如何是好？,1
451,支气管炎,孩子咳嗽有支气管炎的征兆怎么办？,孩子咳嗽有支气管炎的征兆该咋办？,1
452,支气管炎,孩子咳嗽有支气管炎的征兆怎么办？,孩子支气管炎的发病原因是怎样的？,0
453,支气管炎,孩子咳嗽有支气管炎的征兆怎么办？,孩子支气管炎有什么症状？,0
454,支气管炎,孩子咳嗽有支气管炎的征兆怎么办？,小孩支气管炎有什么征兆？,0
455,支气管炎,孩子支气管炎治好以后会复发吗,小孩得支气管炎好了会复发吗？,1
456,支气管炎,孩子支气管炎治好以后会复发吗,小孩得支气管炎治愈后还复发吗？,1
457,支气管炎,孩子支气管炎治好以后会复发吗,小孩支气管炎怎么办？,0
458,支气管炎,孩子支气管炎治好以后会复发吗,儿童支气管炎会传染吗？,0
459,支气管炎,孩子支气管炎治好以后会复发吗,孩子支气管炎好了后如何增加营养？,0
460,支气管炎,宝宝一周得了支气管炎输了五天美川清可以吗,宝宝一周得了支气管炎输了五天美川清可以这样吗？,1
461,支气管炎,宝宝一周得了支气管炎输了五天美川清可以吗,宝宝一周得了支气管炎输了五天美川清能行吗？,1
462,支气管炎,宝宝一周得了支气管炎输了五天美川清可以吗,支气管炎打美川清不见好是什么原因？,0
463,支气管炎,宝宝一周得了支气管炎输了五天美川清可以吗,支气管炎可以根治吗？,0
464,支气管炎,宝宝一周得了支气管炎输了五天美川清可以吗,得了支气管炎输美川清有啥副作用？,0
465,支气管炎,宝宝支气管炎发烧几天能好,宝宝支气管炎发烧多久能好,1
466,支气管炎,宝宝支气管炎发烧几天能好,宝宝支气管炎发烧治愈需要几天,1
467,支气管炎,宝宝支气管炎发烧几天能好,宝宝支气管炎发烧好不好,0
468,支气管炎,宝宝支气管炎发烧几天能好,宝宝支气管炎发烧怎么办,0
469,支气管炎,宝宝支气管炎发烧几天能好,宝宝导致发烧的原因是什么,0
470,支气管炎,宝宝支气管炎吃什么药好,宝宝支气管炎用什么药治疗吗,1
471,支气管炎,宝宝支气管炎吃什么药好,治疗宝宝支气管炎哪种药效果好,1
472,支气管炎,宝宝支气管炎吃什么药好,宝宝支气管炎是什么原因,0
473,支气管炎,宝宝支气管炎吃什么药好,宝宝感冒怎么办,0
474,支气管炎,宝宝支气管炎吃什么药好,宝宝支气管炎反复发烧影响智力吗,0
475,支气管炎,宝宝前段时间支气管炎，好了快半月了又复发咋办,宝宝前段时间支气管炎，好了快半月了又复发该怎么办？,1
476,支气管炎,宝宝前段时间支气管炎，好了快半月了又复发咋办,宝宝前段时间支气管炎，好了快半月了又复发如何是好？,1
477,支气管炎,宝宝前段时间支气管炎，好了快半月了又复发咋办,宝宝支气管炎严重吗？,0
478,支气管炎,宝宝前段时间支气管炎，好了快半月了又复发咋办,宝宝支气管炎复发有哪些症状？,0
479,支气管炎,宝宝前段时间支气管炎，好了快半月了又复发咋办,宝宝支气管炎多久能好？,0
480,支气管炎,宝宝支气管炎怎么查过敏源,宝宝支气管炎如何查过敏源？,1
481,支气管炎,宝宝支气管炎怎么查过敏源,宝宝支气管炎过敏源从哪查？,1
482,支气管炎,宝宝支气管炎怎么查过敏源,宝宝支气管炎是免疫力下降吗？,0
483,支气管炎,宝宝支气管炎怎么查过敏源,支气管炎病情跟自身抵抗力有关吗？,0
484,支气管炎,宝宝支气管炎怎么查过敏源,宝宝花粉过敏，抵抗力过低吃什么药？,0
485,支气管炎,宝宝得了支气管炎怎么办,宝宝得了支气管炎该如何是好？,1
486,支气管炎,宝宝得了支气管炎怎么办,宝宝得了支气管炎怎么处理？,1
487,支气管炎,宝宝得了支气管炎怎么办,宝宝为什么会得支气管炎？,0
488,支气管炎,宝宝得了支气管炎怎么办,支气管炎不可以根治吗？,0
489,支气管炎,宝宝得了支气管炎怎么办,"宝宝得了支气管炎肺炎,输水了老是迷睡怎么办？",0
490,支气管炎,宝宝支气管炎感染的症状有哪些？,宝宝支气管炎感染的症状是什么？,1
491,支气管炎,宝宝支气管炎感染的症状有哪些？,宝宝支气管炎感染有什么症状？,1
492,支气管炎,宝宝支气管炎感染的症状有哪些？,宝宝支气管炎感染多久能好？,0
493,支气管炎,宝宝支气管炎感染的症状有哪些？,宝宝支气管炎感染要住院?,0
494,支气管炎,宝宝支气管炎感染的症状有哪些？,宝宝支气管炎感染用什么方法治疗？,0
495,支气管炎,导致小儿支气管炎的原因有哪些？,小儿支气管炎的病因是什么？,1
496,支气管炎,导致小儿支气管炎的原因有哪些？,小儿支气管炎是怎么造成的？,1
497,支气管炎,导致小儿支气管炎的原因有哪些？,小儿支气管炎的症状有哪些？,0
498,支气管炎,导致小儿支气管炎的原因有哪些？,小儿支气管炎传播途径有什么？,0
499,支气管炎,导致小儿支气管炎的原因有哪些？,小儿支气管炎常见吗？,0
500,支气管炎,小儿支气管炎可以预防吗？,可以预防小儿支气管炎吗?,1
501,支气管炎,小儿支气管炎可以预防吗？,小儿可以预防支气管炎吗？,1
502,支气管炎,小儿支气管炎可以预防吗？,小儿支气管炎可以用哪些药？,0
503,支气管炎,小儿支气管炎可以预防吗？,小儿支气管炎吃药没有效果怎么办？,0
504,支气管炎,小儿支气管炎可以预防吗？,小儿支气管炎的病因是什么？,0
505,支气管炎,小儿支气管炎的原因有哪些？,小儿支气管炎的病因是什么？,1
506,支气管炎,小儿支气管炎的原因有哪些？,小儿支气管炎是什么原因引起的？,1
507,支气管炎,小儿支气管炎的原因有哪些？,小儿急性支气管炎的病因,0
508,支气管炎,小儿支气管炎的原因有哪些？,小儿感冒的原因,0
509,支气管炎,小儿支气管炎的原因有哪些？,小儿支气管炎的原因有哪些？,0
510,支气管炎,小儿支气管炎的原因有哪些？,小儿支气管炎有哪些原因？,1
511,支气管炎,小儿支气管炎的原因有哪些？,有哪些原因导致小儿支气管炎？,1
512,支气管炎,小儿支气管炎的原因有哪些？,小儿支气管炎吃药没有效果怎么办？,0
513,支气管炎,小儿支气管炎的原因有哪些？,小儿支气管炎可以用哪些药？,0
514,支气管炎,小儿支气管炎的原因有哪些？,小儿支气管炎可以预防吗？,0
515,支气管炎,小儿推拿对支气管炎有帮助吗？,小儿推拿对支气管炎有效果吗？,1
516,支气管炎,小儿推拿对支气管炎有帮助吗？,小儿推拿有助于治疗支气管炎吗？,1
517,支气管炎,小儿推拿对支气管炎有帮助吗？,治疗支气管炎有什么按摩方法吗？,0
518,支气管炎,小儿推拿对支气管炎有帮助吗？,怎么诊断小儿支气管炎？,0
519,支气管炎,小儿推拿对支气管炎有帮助吗？,小儿支气管炎有什么症状？,0
520,支气管炎,小儿支气管炎会传染吗？,小儿支气管炎会不会传染？,1
521,支气管炎,小儿支气管炎会传染吗？,小儿支气管炎能传给别人吗？,1
522,支气管炎,小儿支气管炎会传染吗？,小儿支气管炎有哪些症状？,0
523,支气管炎,小儿支气管炎会传染吗？,小儿支气管炎有什么注意事项？,0
524,支气管炎,小儿支气管炎会传染吗？,小儿支气管炎是什么病？,0
525,支气管炎,小儿支气管炎会引发脑炎吗？,小儿支气管炎会诱发脑炎吗？,1
526,支气管炎,小儿支气管炎会引发脑炎吗？,小儿支气管炎会造成脑炎吗？,1
527,支气管炎,小儿支气管炎会引发脑炎吗？,小儿支气管炎会引发其他疾病吗？,0
528,支气管炎,小儿支气管炎会引发脑炎吗？,小儿支气管炎有哪些症状？,0
529,支气管炎,小儿支气管炎会引发脑炎吗？,小儿支气管炎好治吗？,0
530,支气管炎,小儿支气管炎但是不咳嗽，严重吗？,小儿支气管炎但是不咳嗽，要不要紧？,1
531,支气管炎,小儿支气管炎但是不咳嗽，严重吗？,小儿支气管炎但是不咳嗽，是否严重？,1
532,支气管炎,小儿支气管炎但是不咳嗽，严重吗？,小儿支气管炎有什么症状？,0
533,支气管炎,小儿支气管炎但是不咳嗽，严重吗？,怎么检查诊断小儿支气管炎？,0
534,支气管炎,小儿支气管炎但是不咳嗽，严重吗？,小儿支气管炎怎么治？,0
535,支气管炎,小儿支气管炎咳嗽吃什么药好,小儿支气管炎咳嗽该吃什么药？,1
536,支气管炎,小儿支气管炎咳嗽吃什么药好,小儿支气管炎咳嗽吃什么药有效？,1
537,支气管炎,小儿支气管炎咳嗽吃什么药好,小儿支气管炎咳嗽怎么办？,0
538,支气管炎,小儿支气管炎咳嗽吃什么药好,小儿支气管炎咳嗽的病因是什么？,0
539,支气管炎,小儿支气管炎咳嗽吃什么药好,小儿支气管炎咳嗽怎么治？,0
540,支气管炎,小儿支气管炎弱阳性严重吗？,小儿支气管炎弱阳性是否严重？,1
541,支气管炎,小儿支气管炎弱阳性严重吗？,小儿支气管炎弱阳性严不严重？,1
542,支气管炎,小儿支气管炎弱阳性严重吗？,小儿支气管炎弱阳性是什么意思？,0
543,支气管炎,小儿支气管炎弱阳性严重吗？,小儿支气管炎弱阳性怎么治？,0
544,支气管炎,小儿支气管炎弱阳性严重吗？,小儿支气管炎弱阳性有哪些症状？,0
545,支气管炎,小儿支气管炎怎么治疗,怎么治疗小儿支气管炎？,1
546,支气管炎,小儿支气管炎怎么治疗,小儿支气管炎该怎么医治？,1
547,支气管炎,小儿支气管炎怎么治疗,小儿支气管炎常见吗？,0
548,支气管炎,小儿支气管炎怎么治疗,小儿支气管炎传播途径有什么？,0
549,支气管炎,小儿支气管炎怎么治疗,小儿支气管炎的注意事项是什么？,0
550,支气管炎,小儿支气管炎有什么症状,小儿支气管炎的症状有哪些？,1
551,支气管炎,小儿支气管炎有什么症状,小儿支气管炎症状是什么？,1
552,支气管炎,小儿支气管炎有什么症状,小儿支气管炎怎么治？,0
553,支气管炎,小儿支气管炎有什么症状,小儿支气管炎怎么办？,0
554,支气管炎,小儿支气管炎有什么症状,什么是支气管炎感染？,0
555,支气管炎,小儿支气管炎治愈后的咳嗽,支气管炎痊愈后还会咳嗽吗？,1
556,支气管炎,小儿支气管炎治愈后的咳嗽,支气管炎痊愈后会不会还咳嗽？,1
557,支气管炎,小儿支气管炎治愈后的咳嗽,支气管炎康复期咳嗽怎么办？,0
558,支气管炎,小儿支气管炎治愈后的咳嗽,支气管炎肺炎好治疗吗？,0
559,支气管炎,小儿支气管炎治愈后的咳嗽,小孩支气管炎咳嗽可以吃鸽子吗？,0
560,支气管炎,小儿支气管炎治疗方法有哪些？,治疗小儿支气管炎方法是什么？,1
561,支气管炎,小儿支气管炎治疗方法有哪些？,小儿支气管炎有什么治疗方案?,1
562,支气管炎,小儿支气管炎治疗方法有哪些？,小儿支气管炎常见吗？,0
563,支气管炎,小儿支气管炎治疗方法有哪些？,小儿支气管炎肺炎有没有后遗症?,0
564,支气管炎,小儿支气管炎治疗方法有哪些？,小儿支气管炎严重吗？,0
565,支气管炎,小儿支气管炎的恢复期治疗要注意什么,小孩子支气管炎恢复要注意什么,1
566,支气管炎,小儿支气管炎的恢复期治疗要注意什么,小孩支气管炎快恢复了，需要注意啥呢？,1
567,支气管炎,小儿支气管炎的恢复期治疗要注意什么,小孩支气管炎要怎么治疗,0
568,支气管炎,小儿支气管炎的恢复期治疗要注意什么,支气管炎会不会恢复,0
569,支气管炎,小儿支气管炎的恢复期治疗要注意什么,支气管炎要注意什么,0
570,支气管炎,小儿支气管炎的治疗方法及治疗周期,"小儿支气管炎一般如何医治,多长时间能好？",1
571,支气管炎,小儿支气管炎的治疗方法及治疗周期,小儿支气管炎怎么治需要治疗多长时间？,1
572,支气管炎,小儿支气管炎的治疗方法及治疗周期,支气管炎能断根吗？,0
573,支气管炎,小儿支气管炎的治疗方法及治疗周期,小儿支气管炎有什么症状呢？,0
574,支气管炎,小儿支气管炎的治疗方法及治疗周期,小儿支气管炎传染吗？,0
575,支气管炎,小儿支气管炎的症状是什么？,小儿支气管炎有哪些症状？,1
576,支气管炎,小儿支气管炎的症状是什么？,小儿支气管炎有什么样的症状？,1
577,支气管炎,小儿支气管炎的症状是什么？,怎么治疗小儿支气管炎？,0
578,支气管炎,小儿支气管炎的症状是什么？,小儿支气管炎会传染吗？,0
579,支气管炎,小儿支气管炎的症状是什么？,小儿支气管炎吃什么药有效果？,0
580,支气管炎,小儿支气管炎能用中医治疗吗？,中医能否医治小儿支气管炎？,1
581,支气管炎,小儿支气管炎能用中医治疗吗？,小儿支气管炎可以通过中医治疗吗？,1
582,支气管炎,小儿支气管炎能用中医治疗吗？,小儿支气管炎有哪些治疗方法？,0
583,支气管炎,小儿支气管炎能用中医治疗吗？,小儿支气管炎是什么病？,0
584,支气管炎,小儿支气管炎能用中医治疗吗？,小儿支气管炎饮食需要注意什么？,0
585,支气管炎,小儿支气管炎食疗是怎么样的？,小儿支气管炎如何食疗？,1
586,支气管炎,小儿支气管炎食疗是怎么样的？,小儿支气管炎有什么食疗办法？,1
587,支气管炎,小儿支气管炎食疗是怎么样的？,小儿支气管炎饮食需要注意什么？,0
588,支气管炎,小儿支气管炎食疗是怎么样的？,小儿支气管炎有什么症状？,0
589,支气管炎,小儿支气管炎食疗是怎么样的？,小儿支气管炎能吃什么药？,0
590,支气管炎,小儿支气管炎，需要如何治疗?,小儿支气管炎要怎么治疗？,1
591,支气管炎,小儿支气管炎，需要如何治疗?,该如何治疗小儿支气管炎？,1
592,支气管炎,小儿支气管炎，需要如何治疗?,小儿支气管炎是什么？,0
593,支气管炎,小儿支气管炎，需要如何治疗?,小儿支气管炎是什么症状？,0
594,支气管炎,小儿支气管炎，需要如何治疗?,小儿支气管炎怎么确诊？,0
595,支气管炎,小儿支气管肺炎和支气管炎有什么区别？,小儿支气管肺炎和支气管炎区别是什么？,1
596,支气管炎,小儿支气管肺炎和支气管炎有什么区别？,小儿支气管肺炎和支气管炎有哪些区别？,1
597,支气管炎,小儿支气管肺炎和支气管炎有什么区别？,小儿支气管肺炎和支气管炎会互相转化吗？,0
598,支气管炎,小儿支气管肺炎和支气管炎有什么区别？,小儿支气管肺炎有什么症状？,0
599,支气管炎,小儿支气管肺炎和支气管炎有什么区别？,小儿支气管肺炎和支气管炎哪个严重？,0
600,支气管炎,小儿支气管炎怎么办,小儿支气管炎怎么治疗？,1
601,支气管炎,小儿支气管炎怎么办,小儿支气管炎如何处理？,1
602,支气管炎,小儿支气管炎怎么办,小儿支气管炎的症状有什么？,0
603,支气管炎,小儿支气管炎怎么办,怎样预防小儿支气管炎？,0
604,支气管炎,小儿支气管炎怎么办,小儿支气管炎推拿怎么做？,0
605,支气管炎,小孩支气管炎吃什么药,小孩支气管炎需要怎么办,1
606,支气管炎,小孩支气管炎吃什么药,小孩支气管炎怎样治疗,1
607,支气管炎,小孩支气管炎吃什么药,小孩支气管炎是抵抗力差吗,0
608,支气管炎,小孩支气管炎吃什么药,小孩支气管炎能引起肺炎吗,0
609,支气管炎,小孩支气管炎吃什么药,小孩支气管炎不咳嗽好不好,0
610,支气管炎,小孩支气管炎吃什么药,小孩支气管炎可以吃什么药,1
611,支气管炎,小孩支气管炎吃什么药,小孩支气管炎可以用什么药治疗,1
612,支气管炎,小孩支气管炎吃什么药,小孩急性支气管炎吃什么药,0
613,支气管炎,小孩支气管炎吃什么药,小孩反复支气管炎的危害是什么,0
614,支气管炎,小孩支气管炎吃什么药,小孩支气管炎可以引起咳嗽吗,0
615,支气管炎,小孩咳嗽支气管炎怎么治疗？,儿童咳嗽支气管炎怎么办?,1
616,支气管炎,小孩咳嗽支气管炎怎么治疗？,儿童咳嗽支气管炎如何医治?,1
617,支气管炎,小孩咳嗽支气管炎怎么治疗？,儿童咳嗽支气管炎有什么特点？,0
618,支气管炎,小孩咳嗽支气管炎怎么治疗？,咳嗽支气管炎饮食禁忌是什么？,0
619,支气管炎,小孩咳嗽支气管炎怎么治疗？,如何诊断儿童咳嗽支气管炎？,0
620,支气管炎,小孩咳嗽，支气管炎吃什么药好的最快,小孩咳嗽，支气管炎吃什么药见效快？,1
621,支气管炎,小孩咳嗽，支气管炎吃什么药好的最快,小孩咳嗽，支气管炎吃什么药最管用？,1
622,支气管炎,小孩咳嗽，支气管炎吃什么药好的最快,小孩咳嗽，支气管炎要注意什么？,0
623,支气管炎,小孩咳嗽，支气管炎吃什么药好的最快,小孩咳嗽，支气管炎怎么办？,0
624,支气管炎,小孩咳嗽，支气管炎吃什么药好的最快,小孩咳嗽会引发支气管炎吗？,0
625,支气管炎,小孩患支气管炎怎么办,宝宝患支气管炎怎么治疗,1
626,支气管炎,小孩患支气管炎怎么办,小孩支气管炎应该怎么做,1
627,支气管炎,小孩患支气管炎怎么办,什么引起支气管炎,0
628,支气管炎,小孩患支气管炎怎么办,孕妇患支气管炎应该注意什么,0
629,支气管炎,小孩患支气管炎怎么办,支气管炎患者不能吃什么,0
630,支气管炎,小孩支气管炎会传染吗,小孩支气管炎是否传染？,1
631,支气管炎,小孩支气管炎会传染吗,小孩支气管炎会不会传染？,1
632,支气管炎,小孩支气管炎会传染吗,小孩支气管炎的症状有哪些啊？,0
633,支气管炎,小孩支气管炎会传染吗,小孩支气管炎严重吗？,0
634,支气管炎,小孩支气管炎会传染吗,小孩支气管炎多久能好？,0
635,支气管炎,小孩支气管炎咳嗽吃什么药好的快,小孩支气管炎咳嗽吃哪种药见效快？,1
636,支气管炎,小孩支气管炎咳嗽吃什么药好的快,小孩支气管炎咳嗽吃什么药最管用？,1
637,支气管炎,小孩支气管炎咳嗽吃什么药好的快,小孩支气管炎咳嗽有什么症状？,0
638,支气管炎,小孩支气管炎咳嗽吃什么药好的快,支气管炎咳嗽怎么治疗？,0
639,支气管炎,小孩支气管炎咳嗽吃什么药好的快,支气管炎咳嗽病因是什么？,0
640,支气管炎,异丙托溴铵气雾剂小孩支气管炎能不能用,异丙托溴铵气雾剂小孩支气管炎能否使用？,1
641,支气管炎,异丙托溴铵气雾剂小孩支气管炎能不能用,小孩支气管炎能用异丙托溴铵气雾剂吗？,1
642,支气管炎,异丙托溴铵气雾剂小孩支气管炎能不能用,小孩支气管炎有哪些症状？,0
643,支气管炎,异丙托溴铵气雾剂小孩支气管炎能不能用,异丙托溴铵气雾剂是治疗什么疾病的？,0
644,支气管炎,异丙托溴铵气雾剂小孩支气管炎能不能用,异丙托溴铵气雾剂的用法用量是什么？,0
645,支气管炎,得了咳嗽支气管炎，怎么治疗,得了咳嗽支气管炎，怎么办,1
646,支气管炎,得了咳嗽支气管炎，怎么治疗,得了咳嗽支气管炎如何治疗,1
647,支气管炎,得了咳嗽支气管炎，怎么治疗,咳嗽支气管炎和支气管炎的区别是什么,0
648,支气管炎,得了咳嗽支气管炎，怎么治疗,得了咳嗽支气管炎早期体征是什么,0
649,支气管炎,得了咳嗽支气管炎，怎么治疗,得了咳嗽支气管炎危害是什么,0
650,支气管炎,得了支气管炎病还可以跑步锻炼吗,支气管炎病患者还能跑步锻炼吗？,1
651,支气管炎,得了支气管炎病还可以跑步锻炼吗,支气管炎病患者能否跑步运动？,1
652,支气管炎,得了支气管炎病还可以跑步锻炼吗,支气管炎病有得治吗？,0
653,支气管炎,得了支气管炎病还可以跑步锻炼吗,支气管炎病晚期症状是什么？,0
654,支气管炎,得了支气管炎病还可以跑步锻炼吗,JUC支气管炎病人可以雾化用吗？,0
655,支气管炎,得了小儿支气管炎应该注意什么？,小儿支气管炎的注意事项有哪些？,1
656,支气管炎,得了小儿支气管炎应该注意什么？,小儿支气管炎有什么需要注意的？,1
657,支气管炎,得了小儿支气管炎应该注意什么？,怎么检查诊断小儿支气管炎？,0
658,支气管炎,得了小儿支气管炎应该注意什么？,小儿支气管炎传染吗？,0
659,支气管炎,得了小儿支气管炎应该注意什么？,怎么治疗小儿支气管炎？,0
660,支气管炎,得了支气管炎可以服用博利康尼吗,博利康尼能治疗支气管炎吗？,1
661,支气管炎,得了支气管炎可以服用博利康尼吗,得了支气管炎能否服用博利康尼？,1
662,支气管炎,得了支气管炎可以服用博利康尼吗,支气管炎有什么症状？,0
663,支气管炎,得了支气管炎可以服用博利康尼吗,得了支气管炎怎么治疗有效果？,0
664,支气管炎,得了支气管炎可以服用博利康尼吗,得了支气管炎会传染给家人吗？,0
665,支气管炎,得了支气管炎能活多久?,患了支气管炎会影响寿命吗,1
666,支气管炎,得了支气管炎能活多久?,得了支气管炎会活多久?,1
667,支气管炎,得了支气管炎能活多久?,怎样判断是不是支气管炎,0
668,支气管炎,得了支气管炎能活多久?,支气管炎能预防吗,0
669,支气管炎,得了支气管炎能活多久?,支气管炎会遗传吗,0
670,支气管炎,得了支气管炎该怎么办,患上支气管炎怎么治疗,1
671,支气管炎,得了支气管炎该怎么办,得了支气管炎怎样治愈,1
672,支气管炎,得了支气管炎该怎么办,支气管炎能喝酒吗,0
673,支气管炎,得了支气管炎该怎么办,支气管炎遗传吗,0
674,支气管炎,得了支气管炎该怎么办,支气管炎会影响体质吗,0
675,支气管炎,得了支气管炎该怎么办？,得了支气管炎如何是好？,1
676,支气管炎,得了支气管炎该怎么办？,得了支气管炎该怎么治？,1
677,支气管炎,得了支气管炎该怎么办？,得了支气管炎会传染吗？,0
678,支气管炎,得了支气管炎该怎么办？,得了支气管炎能吃什么食物？,0
679,支气管炎,得了支气管炎该怎么办？,支气管炎难治吗？,0
680,支气管炎,"得过支气管炎病的人,有哪些适合的健身方式?",有哪些健身方式适合支气管炎病患者?,1
681,支气管炎,"得过支气管炎病的人,有哪些适合的健身方式?","得过支气管炎病的人,可以选择怎样的健身方式？",1
682,支气管炎,"得过支气管炎病的人,有哪些适合的健身方式?",支气管炎病患者能否跑步运动？,0
683,支气管炎,"得过支气管炎病的人,有哪些适合的健身方式?",支气管炎病是怎么得上的？,0
684,支气管炎,"得过支气管炎病的人,有哪些适合的健身方式?",支气管炎病能治好吗？,0
685,支气管炎,怎样判断是支气管炎呢?,如何判断是否患有支气管炎,1
686,支气管炎,怎样判断是支气管炎呢?,支气管炎是怎样判断出来的,1
687,支气管炎,怎样判断是支气管炎呢?,支气管炎怎样护理,0
688,支气管炎,怎样判断是支气管炎呢?,支气管炎应该要注意什么?,0
689,支气管炎,怎样判断是支气管炎呢?,支气管炎吃什么好？,0
690,支气管炎,怎样治疗支气管炎最好,如何治疗支气管炎最好呢？,1
691,支气管炎,怎样治疗支气管炎最好,怎么治疗支气管炎效果佳？,1
692,支气管炎,怎样治疗支气管炎最好,支气管炎病好治吗？,0
693,支气管炎,怎样治疗支气管炎最好,四川哪里治疗支气管炎最好？,0
694,支气管炎,怎样治疗支气管炎最好,什么是支气管炎？,0
695,支气管炎,患了支气管炎复方氯喘片能治疗吗,复方氯喘片能治疗支气管炎患者吗？,1
696,支气管炎,患了支气管炎复方氯喘片能治疗吗,患了支气管炎复方氯喘片可否能治疗？,1
697,支气管炎,患了支气管炎复方氯喘片能治疗吗,患了支气管炎要注意什么？,0
698,支气管炎,患了支气管炎复方氯喘片能治疗吗,支气管炎有哪些症状？,0
699,支气管炎,患了支气管炎复方氯喘片能治疗吗,患了支气管炎能根治吗？,0
700,支气管炎,患有支气管炎现在反复发作咳嗽严重怎么办,患有支气管炎现在反复发作咳嗽严重如何是好？,1
701,支气管炎,患有支气管炎现在反复发作咳嗽严重怎么办,患有支气管炎现在反复发作咳嗽严重怎么治疗？,1
702,支气管炎,患有支气管炎现在反复发作咳嗽严重怎么办,患有支气管炎有哪些症状？,0
703,支气管炎,患有支气管炎现在反复发作咳嗽严重怎么办,患有支气管炎现在反复发作咳嗽能服用什么药？,0
704,支气管炎,患有支气管炎现在反复发作咳嗽严重怎么办,患有支气管炎该咋办？,0
705,支气管炎,感冒会引起支气管炎吗？,感冒是否会诱发支气管炎吗？,1
706,支气管炎,感冒会引起支气管炎吗？,感冒会导致支气管炎发作吗?,1
707,支气管炎,感冒会引起支气管炎吗？,孩子感冒引起过敏性鼻炎，想问如何治疗及预防？,0
708,支气管炎,感冒会引起支气管炎吗？,过敏性紫癜的孩子感冒了怎么护理？,0
709,支气管炎,感冒会引起支气管炎吗？,孩子现在过敏性咳嗽，可以吃感冒药吗？,0
710,支气管炎,我支气管炎近50天了反反复复该怎么办,支气管炎老是反复用什么疗效比较快,1
711,支气管炎,我支气管炎近50天了反反复复该怎么办,支气管炎一直不好怎么办,1
712,支气管炎,我支气管炎近50天了反反复复该怎么办,支气管炎和肺炎的症状区别在哪里,0
713,支气管炎,我支气管炎近50天了反反复复该怎么办,支气管炎有潜伏期吗,0
714,支气管炎,我支气管炎近50天了反反复复该怎么办,支气管炎主要症状表现是什么,0
715,支气管炎,我小孩一岁半了咳嗽加支气管炎怎么办,儿童咳嗽加支气管炎怎么治疗？,1
716,支气管炎,我小孩一岁半了咳嗽加支气管炎怎么办,小孩一岁半了咳嗽加支气管炎该怎么做？,1
717,支气管炎,我小孩一岁半了咳嗽加支气管炎怎么办,咳嗽支气管炎是什么？,0
718,支气管炎,我小孩一岁半了咳嗽加支气管炎怎么办,小孩咳嗽支气管炎怎么回事？,0
719,支气管炎,我小孩一岁半了咳嗽加支气管炎怎么办,以前有支气管炎史，应该如何用药？,0
720,支气管炎,我是不是得了支气管炎?为什么会得?,为什么会得支气管炎?,1
721,支气管炎,我是不是得了支气管炎?为什么会得?,得支气管炎有哪些原因?,1
722,支气管炎,我是不是得了支气管炎?为什么会得?,得支气管炎的人吃什么好？,0
723,支气管炎,我是不是得了支气管炎?为什么会得?,支气管炎会传染人吗？,0
724,支气管炎,我是不是得了支气管炎?为什么会得?,患支气管炎的人要注意什么？,0
725,支气管炎,我的一个女儿患了支气管炎刚出生怎么办,新生儿患了支气管炎刚出生如何是好？,1
726,支气管炎,我的一个女儿患了支气管炎刚出生怎么办,我的一个刚出生女儿患了支气管炎该怎么做才好？,1
727,支气管炎,我的一个女儿患了支气管炎刚出生怎么办,宝宝支气管炎严重吗？,0
728,支气管炎,我的一个女儿患了支气管炎刚出生怎么办,宝宝支气管炎多久能好？,0
729,支气管炎,我的一个女儿患了支气管炎刚出生怎么办,小儿支气管炎是什么症状？,0
730,支气管炎,我老公好像得了支气管炎怎么办,我老公好像得了支气管炎如何是好？,1
731,支气管炎,我老公好像得了支气管炎怎么办,我老公好像得了支气管炎该怎么做？,1
732,支气管炎,我老公好像得了支气管炎怎么办,什么是支气管炎？,0
733,支气管炎,我老公好像得了支气管炎怎么办,支气管炎有哪些症状？,0
734,支气管炎,我老公好像得了支气管炎怎么办,得了支气管炎会不会传给家人？,0
735,支气管炎,推拿能治疗小儿支气管炎吗？,推拿对治疗小儿支气管炎有效吗？,1
736,支气管炎,推拿能治疗小儿支气管炎吗？,推拿治疗小儿支气管炎有帮助吗？,1
737,支气管炎,推拿能治疗小儿支气管炎吗？,治疗小儿支气管炎有什么方法？,0
738,支气管炎,推拿能治疗小儿支气管炎吗？,小儿支气管炎有哪些症状？,0
739,支气管炎,推拿能治疗小儿支气管炎吗？,小儿支气管炎严重吗？,0
740,支气管炎,支气管炎一般要治疗多久能好,支气管炎一般需要几天能治好？,1
741,支气管炎,支气管炎一般要治疗多久能好,支气管炎多久能治好？,1
742,支气管炎,支气管炎一般要治疗多久能好,支气管炎一般烧几天？,0
743,支气管炎,支气管炎一般要治疗多久能好,支气管炎前几天能化验出来吗？,0
744,支气管炎,支气管炎一般要治疗多久能好,支气管炎化验血能化验出么？,0
745,支气管炎,支气管炎一般要治疗多久能好,支气管炎一般多久可以治好？,1
746,支气管炎,支气管炎一般要治疗多久能好,要治愈支气管炎需要多久？,1
747,支气管炎,支气管炎一般要治疗多久能好,支气管炎表现有哪些？,0
748,支气管炎,支气管炎一般要治疗多久能好,支气管炎怎么治，治疗方案有哪些？,0
749,支气管炎,支气管炎一般要治疗多久能好,要治疗支气管炎有什么方法？,0
750,支气管炎,支气管炎刺激性咳反复发作可以用什么药,支气管炎刺激性咳反复发作能服用哪些药？,1
751,支气管炎,支气管炎刺激性咳反复发作可以用什么药,支气管炎刺激性咳反复发作该吃什么药？,1
752,支气管炎,支气管炎刺激性咳反复发作可以用什么药,支气管炎刺激性咳反复发作是什么原因？,0
753,支气管炎,支气管炎刺激性咳反复发作可以用什么药,支气管炎有哪些症状?,0
754,支气管炎,支气管炎刺激性咳反复发作可以用什么药,支气管炎刺激性咳反复发作能根治吗？,0
755,支气管炎,支气管炎吃转移因子异丙托溴铵气雾剂可以吗,支气管炎能吃转移因子异丙托溴铵气雾剂吗？,1
756,支气管炎,支气管炎吃转移因子异丙托溴铵气雾剂可以吗,支气管炎病人吃转移因子异丙托溴铵气雾剂可取吗？,1
757,支气管炎,支气管炎吃转移因子异丙托溴铵气雾剂可以吗,支气管炎会自己好吗？,0
758,支气管炎,支气管炎吃转移因子异丙托溴铵气雾剂可以吗,转移因子异丙托溴铵气雾剂是用来治疗什么的？,0
759,支气管炎,支气管炎吃转移因子异丙托溴铵气雾剂可以吗,转移因子异丙托溴铵气雾剂有什么注意的？,0
760,支气管炎,支气管炎好后反复咳嗽怎么治疗？,支气管炎好后反复咳嗽该如何治疗？,1
761,支气管炎,支气管炎好后反复咳嗽怎么治疗？,支气管炎好后反复咳嗽怎么办？,1
762,支气管炎,支气管炎好后反复咳嗽怎么治疗？,支气管炎治愈后还复发吗？,0
763,支气管炎,支气管炎好后反复咳嗽怎么治疗？,支气管炎好有哪些症状？,0
764,支气管炎,支气管炎好后反复咳嗽怎么治疗？,支气管炎好后反复咳嗽是怎么了？,0
765,支气管炎,支气管炎怎样治疗和食疗,支气管炎引发的肺炎如何治疗以及食疗呀？,1
766,支气管炎,支气管炎怎样治疗和食疗,怎样治疗和如何食疗支气管炎？,1
767,支气管炎,支气管炎怎样治疗和食疗,支气管炎感染症状是什么？,0
768,支气管炎,支气管炎怎样治疗和食疗,什么是支气管炎感染？,0
769,支气管炎,支气管炎怎样治疗和食疗,支气管炎感染需要住院吗？,0
770,支气管炎,支气管炎感染，可以不打吊瓶嘛？,支气管炎感染，不打吊瓶可以吗？,1
771,支气管炎,支气管炎感染，可以不打吊瓶嘛？,支气管炎感染，能否不打吊瓶？,1
772,支气管炎,支气管炎感染，可以不打吊瓶嘛？,支气管炎感染怎么治疗？,0
773,支气管炎,支气管炎感染，可以不打吊瓶嘛？,支气管炎感染有什么症状？,0
774,支气管炎,支气管炎感染，可以不打吊瓶嘛？,支气管炎感染如何预防？,0
775,支气管炎,支气管炎感染，可以不打吊瓶嘛？,支气管炎感染能否不打吊瓶？,1
776,支气管炎,支气管炎感染，可以不打吊瓶嘛？,支气管炎感染，不打吊瓶能行吗？,1
777,支气管炎,支气管炎感染，可以不打吊瓶嘛？,支气管炎感染怎么办？,0
778,支气管炎,支气管炎感染，可以不打吊瓶嘛？,支气管炎感染是什么症状？,0
779,支气管炎,支气管炎感染，可以不打吊瓶嘛？,支气管炎感染吃什么药？,0
780,支气管炎,支气管炎治疗注射什么药？,支气管炎治疗能注射哪些药？,1
781,支气管炎,支气管炎治疗注射什么药？,支气管炎治疗又什么药可以注射？,1
782,支气管炎,支气管炎治疗注射什么药？,得支气管炎怎么治疗？,0
783,支气管炎,支气管炎治疗注射什么药？,支气管炎有什么症状？,0
784,支气管炎,支气管炎治疗注射什么药？,怎么诊断检查支气管炎？,0
785,支气管炎,支气管炎的症状及治疗方法是什么,支气管炎有什么症状治疗支气管炎的方法有哪些?,1
786,支气管炎,支气管炎的症状及治疗方法是什么,支气管炎有哪些症状有什么治疗方法？,1
787,支气管炎,支气管炎的症状及治疗方法是什么,肺炎衣原体与支气管炎有什么区别？,0
788,支气管炎,支气管炎的症状及治疗方法是什么,支气管炎培养及药敏的检验单怎么看？,0
789,支气管炎,支气管炎的症状及治疗方法是什么,小儿支原体与小儿支气管炎相同吗？,0
790,支气管炎,支气管炎要怎么诊断检查,怎么诊断检查支气管炎？,1
791,支气管炎,支气管炎要怎么诊断检查,怎么能诊断检查出支气管炎？,1
792,支气管炎,支气管炎要怎么诊断检查,"支气管炎,需要怎么治疗？",0
793,支气管炎,支气管炎要怎么诊断检查,支气管炎抽血检查要空腹吗？,0
794,支气管炎,支气管炎要怎么诊断检查,如何看支气管炎检查报告？,0
795,支气管炎,支气管炎博利康尼扎了7天停药3天又,支气管炎博利康尼扎了7天停药3天会怎么样？,1
796,支气管炎,支气管炎博利康尼扎了7天停药3天又,支气管炎博利康尼扎了7天停药3天会有什么后果？,1
797,支气管炎,支气管炎博利康尼扎了7天停药3天又,支气管炎博利康尼要扎几天？,0
798,支气管炎,支气管炎博利康尼扎了7天停药3天又,支气管炎博利康尼有什么副作用？,0
799,支气管炎,支气管炎博利康尼扎了7天停药3天又,支气管炎博利康尼能治什么病？,0
800,支气管炎,支气管炎，好了以后脸和耳朵红是怎么了？,支气管炎，好了以后脸和耳朵红是什么情况？,1
801,支气管炎,支气管炎，好了以后脸和耳朵红是怎么了？,支气管炎，好了以后脸和耳朵红是怎么回事？,1
802,支气管炎,支气管炎，好了以后脸和耳朵红是怎么了？,支气管炎有后遗症吗？,0
803,支气管炎,支气管炎，好了以后脸和耳朵红是怎么了？,支气管炎好治吗？,0
804,支气管炎,支气管炎，好了以后脸和耳朵红是怎么了？,支气管炎患者应该怎么治疗比较好呢？,0
805,支气管炎,支气管炎支气管炎吃啥药好？,支气管炎支气管炎吃什么药比较好？,1
806,支气管炎,支气管炎支气管炎吃啥药好？,支气管炎支气管炎适宜吃什么药？,1
807,支气管炎,支气管炎支气管炎吃啥药好？,支气管炎支气管炎有什么并发症？,0
808,支气管炎,支气管炎支气管炎吃啥药好？,支气管炎支气管炎病因是什么？,0
809,支气管炎,支气管炎支气管炎吃啥药好？,支气管炎支气管炎该怎么办？,0
810,支气管炎,支气管炎支气管炎吃啥药好？,支气管炎支气管炎应该吃什么药好？,1
811,支气管炎,支气管炎支气管炎吃啥药好？,支气管炎支气管炎最适宜吃什么药？,1
812,支气管炎,支气管炎支气管炎吃啥药好？,支气管炎支气管炎有什么症状？,0
813,支气管炎,支气管炎支气管炎吃啥药好？,支气管炎支气管炎是种什么病？,0
814,支气管炎,支气管炎支气管炎吃啥药好？,支气管炎支气管炎的病因是什么？,0
815,支气管炎,新生儿支气管炎症状？,新生儿支气管炎症状有哪些,1
816,支气管炎,新生儿支气管炎症状？,婴儿支气管炎症状表现是什么,1
817,支气管炎,新生儿支气管炎症状？,新生儿支气管炎严重吗？？,0
818,支气管炎,新生儿支气管炎症状？,新生儿支气管炎怎么办,0
819,支气管炎,新生儿支气管炎症状？,新生儿支气管炎如何治疗,0
820,支气管炎,晚上咳嗽，支气管炎有鸣声，吃什么药,晚上咳嗽，支气管炎有鸣声该服用什么药？,1
821,支气管炎,晚上咳嗽，支气管炎有鸣声，吃什么药,晚上咳嗽，支气管炎有鸣声，能吃什么药物？,1
822,支气管炎,晚上咳嗽，支气管炎有鸣声，吃什么药,咳嗽支气管炎怎么治疗？,0
823,支气管炎,晚上咳嗽，支气管炎有鸣声，吃什么药,咳嗽支气管炎严重吗？,0
824,支气管炎,晚上咳嗽，支气管炎有鸣声，吃什么药,支气管炎会不会传染？,0
825,支气管炎,有什么药可以预防小儿支气管炎复发吗,预防小儿支气管炎复发的药有什么？,1
826,支气管炎,有什么药可以预防小儿支气管炎复发吗,什么药能预防小儿支气管炎复发？,1
827,支气管炎,有什么药可以预防小儿支气管炎复发吗,小儿支气管炎如何预防？,0
828,支气管炎,有什么药可以预防小儿支气管炎复发吗,儿童支气管炎复发率高不？,0
829,支气管炎,有什么药可以预防小儿支气管炎复发吗,小儿支气管炎怎么护理？,0
830,支气管炎,有支气管炎，桂龙咳喘宁联邦克立停能否常吃,有支气管炎，桂龙咳喘宁联邦克立停可以长期服用吗？,1
831,支气管炎,有支气管炎，联邦克立停能否常吃,有支气管炎能经常吃联邦克立停吗？,1
832,支气管炎,有支气管炎，联邦克立停能否常吃,联邦克立停对有支气管炎的病人有副作用吗？,0
833,支气管炎,有支气管炎，联邦克立停能否常吃,联邦克立停可以治疗什么病？,0
834,支气管炎,有支气管炎，联邦克立停能否常吃,联邦克立停的注意事项是什么？,0
835,支气管炎,治支气管炎到北京德胜门中医院怎么样,北京德胜门中医院治疗支气管炎病效果如何？,1
836,支气管炎,治支气管炎到北京德胜门中医院怎么样,北京德胜门中医院治疗支气管炎病好不好？,1
837,支气管炎,治支气管炎到北京德胜门中医院怎么样,如何治疗支气管炎病？,0
838,支气管炎,治支气管炎到北京德胜门中医院怎么样,支气管炎病人平时应注意什么好？,0
839,支气管炎,治支气管炎到北京德胜门中医院怎么样,支气管炎病要住院吗？,0
840,支气管炎,治疗支气管炎的中药有哪些？,有哪些治疗支气管炎的中药？,1
841,支气管炎,治疗支气管炎的中药有哪些？,治疗支气管炎中药方法有哪些？,1
842,支气管炎,治疗支气管炎的中药有哪些？,中药治疗支气管炎的效果怎么样啊？,0
843,支气管炎,治疗支气管炎的中药有哪些？,有没有什么偏方可以根治支气管炎呢？,0
844,支气管炎,治疗支气管炎的中药有哪些？,支气管炎好治吗？,0
845,支气管炎,治疗支气管炎吃什么药好?,吃什么药治支气管炎疗效好,1
846,支气管炎,治疗支气管炎吃什么药好?,治疗支气管炎的药哪些疗效好,1
847,支气管炎,治疗支气管炎吃什么药好?,支气管炎使用药物治疗效果怎么样？,0
848,支气管炎,治疗支气管炎吃什么药好?,什么方法治支气管炎效果好,0
849,支气管炎,治疗支气管炎吃什么药好?,治疗效果好的支气管炎方法,0
850,支气管炎,混合性支气管炎的成因是什么,为什么会得混合性支气管炎？,1
851,支气管炎,混合性支气管炎的成因是什么,混合性支气管炎有什么病因？,1
852,支气管炎,混合性支气管炎的成因是什么,什么是混合性支气管炎？,0
853,支气管炎,混合性支气管炎的成因是什么,混合性支气管炎有哪些症状？,0
854,支气管炎,混合性支气管炎的成因是什么,混合性支气管炎严重吗？,0
855,支气管炎,用什么药物可以治疗支气管炎..,可以治疗支气管炎的药物有什么？,1
856,支气管炎,用什么药物可以治疗支气管炎..,什么药能治疗支气管炎？,1
857,支气管炎,用什么药物可以治疗支气管炎..,支气管炎是什么？,0
858,支气管炎,用什么药物可以治疗支气管炎..,支气管炎有什么症状？,0
859,支气管炎,用什么药物可以治疗支气管炎..,支气管炎传染吗？,0
860,支气管炎,"确诊患了咳嗽支气管炎,应该吃什么药",咳嗽支气管炎用药推荐有哪些,1
861,支气管炎,"确诊患了咳嗽支气管炎,应该吃什么药",确诊患了咳嗽支气管炎吃什么药最好,1
862,支气管炎,"确诊患了咳嗽支气管炎,应该吃什么药",咳嗽支气管炎的症状是什么,0
863,支气管炎,"确诊患了咳嗽支气管炎,应该吃什么药",咳嗽支气管炎能根治吗,0
864,支气管炎,"确诊患了咳嗽支气管炎,应该吃什么药",咳嗽支气管炎是怎样确诊的,0
865,支气管炎,经常感冒是支气管炎了吗,总是感冒，是不是支气管炎,1
866,支气管炎,经常感冒是支气管炎了吗,老是感冒，是不是支气管炎导致的,1
867,支气管炎,经常感冒是支气管炎了吗,经常感冒吃什么药,0
868,支气管炎,经常感冒是支气管炎了吗,经常感冒是什么症状,0
869,支气管炎,经常感冒是支气管炎了吗,经常感冒喝中药可以吗,0
870,支气管炎,老是咳嗽到底是不是咳嗽支气管炎,平时老是咳嗽是不是咳嗽支气管炎,1
871,支气管炎,老是咳嗽到底是不是咳嗽支气管炎,老是咳嗽他是支气管炎么,1
872,支气管炎,老是咳嗽到底是不是咳嗽支气管炎,咳嗽支气管炎能治愈吗,0
873,支气管炎,老是咳嗽到底是不是咳嗽支气管炎,咳嗽支气管炎严重吗,0
874,支气管炎,老是咳嗽到底是不是咳嗽支气管炎,咳嗽支气管炎会遗传吗,0
875,支气管炎,衣原体肺炎和支气管炎哪个严重,支气管炎和衣原体肺炎哪个比较严重？,1
876,支气管炎,衣原体肺炎和支气管炎哪个严重,支气管炎和衣原体肺炎哪一种严重些？,1
877,支气管炎,衣原体肺炎和支气管炎哪个严重,支原体和衣原体是怎么感染的？,0
878,支气管炎,衣原体肺炎和支气管炎哪个严重,支气管炎和衣原体感染有什么区别？,0
879,支气管炎,衣原体肺炎和支气管炎哪个严重,儿童支原体衣原体感染的症状是什么？,0
880,支气管炎,过敏性咳嗽和支气管炎有什么区别,过敏性咳嗽和支气管炎的区别是什么？,1
881,支气管炎,过敏性咳嗽和支气管炎有什么区别,过敏性咳嗽和支气管炎有怎样的区别？,1
882,支气管炎,过敏性咳嗽和支气管炎有什么区别,咳嗽发憋是支气管炎吗？,0
883,支气管炎,过敏性咳嗽和支气管炎有什么区别,支气管炎的症状是什么？,0
884,支气管炎,过敏性咳嗽和支气管炎有什么区别,支气管炎引发咳嗽怎么办？,0
885,支气管炎,支气管炎不能吃什么食物？,支气管炎患者什么食物不能吃？,1
886,支气管炎,支气管炎不能吃什么食物？,支气管炎忌吃什么食物？,1
887,支气管炎,支气管炎不能吃什么食物？,支气管炎发作是什么症状？,0
888,支气管炎,支气管炎不能吃什么食物？,支气管炎是对什么过敏？,0
889,支气管炎,支气管炎不能吃什么食物？,支气管炎是什么？,0
890,支气管炎,支气管炎会不会引发生命危险,支气管炎会不会导致死亡,1
891,支气管炎,支气管炎会不会引发生命危险,支气管炎能不能引发生命危险致人死亡,1
892,支气管炎,支气管炎会不会引发生命危险,支气管炎最佳治疗方法是什么,0
893,支气管炎,支气管炎会不会引发生命危险,支气管炎是怎样引起的,0
894,支气管炎,支气管炎会不会引发生命危险,支气管炎的后遗症有哪些,0
895,支气管炎,支气管炎反复发作怎么办,支气管炎反复发作该怎么处理？,1
896,支气管炎,支气管炎反复发作怎么办,支气管炎反复发作如何是好？,1
897,支气管炎,支气管炎反复发作怎么办,为什么支气管炎反复发作？,0
898,支气管炎,支气管炎反复发作怎么办,支气管炎有哪些症状？,0
899,支气管炎,支气管炎反复发作怎么办,支气管炎反复发作不用治吗？,0
900,支气管炎,支气管炎发作用什么药有效,支气管炎发作用什么药管用？,1
901,支气管炎,支气管炎发作用什么药有效,支气管炎发作时用什么药见效快？,1
902,支气管炎,支气管炎发作用什么药有效,支气管炎发作有什么症状？,0
903,支气管炎,支气管炎发作用什么药有效,支气管炎发作怎么办？,0
904,支气管炎,支气管炎发作用什么药有效,支气管炎与支气管炎病有什么区别？,0
905,支气管炎,支气管炎和一般支气管炎有区别吗,支气管炎和一般支气管炎的区别是什么,1
906,支气管炎,支气管炎和一般支气管炎有区别吗,支气管炎和一般支气管炎一样吗,1
907,支气管炎,支气管炎和一般支气管炎有区别吗,支气管炎能根治吗,0
908,支气管炎,支气管炎和一般支气管炎有区别吗,支气管炎应该吃什么药,0
909,支气管炎,支气管炎和一般支气管炎有区别吗,支气管炎能怀孕吗,0
910,支气管炎,支气管炎和支气管炎是一样病吗,支气管炎和支气管炎是同一种病吗？,1
911,支气管炎,支气管炎和支气管炎是一样病吗,支气管炎和支气管炎属于一样的病吗？,1
912,支气管炎,支气管炎和支气管炎是一样病吗,支气管炎过敏源是如何引发支气管炎病的？,0
913,支气管炎,支气管炎和支气管炎是一样病吗,支气管炎也是病吗？,0
914,支气管炎,支气管炎和支气管炎是一样病吗,支气管炎病的治疗方法有什么？,0
915,支气管炎,支气管炎平时应该注意什么?,支气管炎一般要注意什么,1
916,支气管炎,支气管炎平时应该注意什么?,支气管炎要注意什么事,1
917,支气管炎,支气管炎平时应该注意什么?,支气管炎临床症状是什么,0
918,支气管炎,支气管炎平时应该注意什么?,支气管炎会威胁到生命吗,0
919,支气管炎,支气管炎平时应该注意什么?,支气管炎的过敏原是什么,0
920,支气管炎,支气管炎应该怎么治?,支气管炎的治疗方法是什么,1
921,支气管炎,支气管炎应该怎么治?,支气管炎需要怎样治疗,1
922,支气管炎,支气管炎应该怎么治?,过敏属于什么反应,0
923,支气管炎,支气管炎应该怎么治?,支气管炎的过敏原因怎样才能知道,0
924,支气管炎,支气管炎应该怎么治?,为什么皮肤很容易过敏,0
925,支气管炎,支气管炎应该怎么治?,支气管炎怎么办好,1
926,支气管炎,支气管炎应该怎么治?,怎样治疗支气管炎,1
927,支气管炎,支气管炎应该怎么治?,支气管炎是什么引起的,0
928,支气管炎,支气管炎应该怎么治?,支气管炎有何症状,0
929,支气管炎,支气管炎应该怎么治?,支气管炎多久可以治疗好,0
930,支气管炎,支气管炎怎么办才能好呢?,支气管炎有哪些治疗手段,1
931,支气管炎,支气管炎怎么办才能好呢?,如何治疗支气管炎,1
932,支气管炎,支气管炎怎么办才能好呢?,支气管炎能根治吗,0
933,支气管炎,支气管炎怎么办才能好呢?,过敏性鼻炎的症状是什么,0
934,支气管炎,支气管炎怎么办才能好呢?,怎样辨别孩子得了支气管炎,0
935,支气管炎,支气管炎怎么治疗好?,支气管炎有效治疗方法是什么,1
936,支气管炎,支气管炎怎么治疗好?,支气管炎有什么好的治疗方法,1
937,支气管炎,支气管炎怎么治疗好?,支气管炎明确病因重要吗,0
938,支气管炎,支气管炎怎么治疗好?,支气管炎饮食上应该吃什么,0
939,支气管炎,支气管炎怎么治疗好?,支气管炎可以遗传下一代吗,0
940,支气管炎,支气管炎怎么治疗比较好?,支气管炎怎样治疗效果好,1
941,支气管炎,支气管炎怎么治疗比较好?,支气管炎如何治疗,1
942,支气管炎,支气管炎怎么治疗比较好?,支气管炎会遗传吗,0
943,支气管炎,支气管炎怎么治疗比较好?,支气管炎能不能通过手术治愈,0
944,支气管炎,支气管炎怎么治疗比较好?,支气管炎喝中药怎么样,0
945,支气管炎,支气管炎怎么治疗比较好?,怎么治疗支气管炎比较好,1
946,支气管炎,支气管炎怎么治疗比较好?,治疗支气管炎比较好的方法怎么治,1
947,支气管炎,支气管炎怎么治疗比较好?,得了支气管炎会怎么样？,0
948,支气管炎,支气管炎怎么治疗比较好?,得了支气管炎能活多久？,0
949,支气管炎,支气管炎怎么治疗比较好?,得了支气管炎应该注意些什么？,0
950,支气管炎,支气管炎怎样治疗,怎么治支气管炎,1
951,支气管炎,支气管炎怎样治疗,支气管炎治疗方法有哪些,1
952,支气管炎,支气管炎怎样治疗,支气管炎能不能手术治疗,0
953,支气管炎,支气管炎怎样治疗,过敏属于什么反应,0
954,支气管炎,支气管炎怎样治疗,支气管炎会咳血吗,0
955,支气管炎,支气管炎患者有哪些症状?,支气管炎患者的症状是什么,1
956,支气管炎,支气管炎患者有哪些症状?,支气管炎患者有什么表现,1
957,支气管炎,支气管炎患者有哪些症状?,支气管炎患者是支气管炎吗,0
958,支气管炎,支气管炎患者有哪些症状?,支气管炎怎样治疗,0
959,支气管炎,支气管炎患者有哪些症状?,支气管炎能治愈吗,0
960,支气管炎,支气管炎最佳的治疗方法是什么,支气管炎最好的治疗办法是什么,1
961,支气管炎,支气管炎最佳的治疗方法是什么,支气管炎怎样治疗最好,1
962,支气管炎,支气管炎最佳的治疗方法是什么,支气管炎和温度有关系吗,0
963,支气管炎,支气管炎最佳的治疗方法是什么,支气管炎需要终生吃药吗,0
964,支气管炎,支气管炎最佳的治疗方法是什么,支气管炎的护理措施有什么,0
965,支气管炎,支气管炎最佳的治疗方法是什么,什么是支气管炎治疗最好的方法？,1
966,支气管炎,支气管炎最佳的治疗方法是什么,支气管炎怎么治疗最好,1
967,支气管炎,支气管炎最佳的治疗方法是什么,什么是支气管炎？,0
968,支气管炎,支气管炎最佳的治疗方法是什么,有支气管炎平时注意什么问题最好？,0
969,支气管炎,支气管炎最佳的治疗方法是什么,支气管炎吃什么最好,0
970,支气管炎,支气管炎有什么偏方吗?,治疗支气管炎的偏方是什么？,1
971,支气管炎,支气管炎有什么偏方吗?,支气管炎有哪些偏方？,1
972,支气管炎,支气管炎有什么偏方吗?,支气管炎是什么？,0
973,支气管炎,支气管炎有什么偏方吗?,支气管炎有哪些症状？,0
974,支气管炎,支气管炎有什么偏方吗?,支气管炎传染吗？,0
975,支气管炎,支气管炎治疗偏方有什么?,治疗支气管炎的偏方有哪些,1
976,支气管炎,支气管炎治疗偏方有什么?,支气管炎偏方如何治疗,1
977,支气管炎,支气管炎治疗偏方有什么?,支气管炎常规治疗方法有哪些,0
978,支气管炎,支气管炎治疗偏方有什么?,支气管炎饮食有禁忌吗,0
979,支气管炎,支气管炎治疗偏方有什么?,支气管炎的常用药物是什么,0
980,支气管炎,支气管炎治疗偏方有什么?,支气管炎有哪些治疗的偏方？,1
981,支气管炎,支气管炎治疗偏方有什么?,治疗支气管炎的偏方有哪些？,1
982,支气管炎,支气管炎治疗偏方有什么?,支气管炎治疗的医院方法有哪些,0
983,支气管炎,支气管炎治疗偏方有什么?,支气管炎的预防方法有哪些？,0
984,支气管炎,支气管炎治疗偏方有什么?,如何预防支气管炎,0
985,支气管炎,支气管炎用药能根治吗,支气管炎能用药彻底治好吗？,1
986,支气管炎,支气管炎用药能根治吗,支气管炎可否用药根治疾病？,1
987,支气管炎,支气管炎用药能根治吗,支气管炎病的治疗方法有什么？,0
988,支气管炎,支气管炎用药能根治吗,支气管炎病的病因是什么？,0
989,支气管炎,支气管炎用药能根治吗,支气管炎病的症状是什么？,0
990,支气管炎,支气管炎的最好治疗方法是什么,什么方法治疗支气管炎最有效？,1
991,支气管炎,支气管炎的最好治疗方法是什么,支气管炎的最管用的治疗方法有什么？,1
992,支气管炎,支气管炎的最好治疗方法是什么,过敏性肺炎传染吗？,0
993,支气管炎,支气管炎的最好治疗方法是什么,过敏性肺炎怎么护理？,0
994,支气管炎,支气管炎的最好治疗方法是什么,治疗肺炎要吃什么药？,0
995,支气管炎,支气管炎的治疗方法是什么?,支气管炎的是怎样治疗的,1
996,支气管炎,支气管炎的治疗方法是什么?,支气管炎都有哪些治疗手段,1
997,支气管炎,支气管炎的治疗方法是什么?,支气管炎可以剧烈运动吗,0
998,支气管炎,支气管炎的治疗方法是什么?,支气管炎能做有氧运动吗,0
999,支气管炎,支气管炎的治疗方法是什么?,支气管炎的过敏原是什么,0
1000,肺结核,3岁宝宝肺结核，弱阳性是什么啊。,3岁宝宝肺结核，弱阳性是什么意思？,1
1001,肺结核,3岁宝宝肺结核，弱阳性是什么啊。,3岁宝宝肺结核，弱阳性代表什么？,1
1002,肺结核,3岁宝宝肺结核，弱阳性是什么啊。,肺结核弱阳性有哪些症状？,0
1003,肺结核,3岁宝宝肺结核，弱阳性是什么啊。,肺结核好治吗？,0
1004,肺结核,3岁宝宝肺结核，弱阳性是什么啊。,肺结核弱阳性怎么治？,0
1005,肺结核,URI-肺结核的症状有哪些,URI-肺结核有哪些症状,1
1006,肺结核,URI-肺结核的症状有哪些,URI-肺结核的症状是什么,1
1007,肺结核,URI-肺结核的症状有哪些,URI-肺结核怎样治疗,0
1008,肺结核,URI-肺结核的症状有哪些,URI-肺结核是怎样引起的,0
1009,肺结核,URI-肺结核的症状有哪些,URI-肺结核吃什么药物可以治疗,0
1010,肺结核,肺结核会引起荨麻疹吗？,荨麻疹可能会是由肺结核引起的吗？,1
1011,肺结核,肺结核会引起荨麻疹吗？,如果肺结核了就可能引起荨麻疹吗？,1
1012,肺结核,肺结核会引起荨麻疹吗？,肺结核与荨麻疹的区别是什么？,0
1013,肺结核,肺结核会引起荨麻疹吗？,肺结核与荨麻疹哪一个更严重？,0
1014,肺结核,肺结核会引起荨麻疹吗？,肺结核与荨麻疹治疗方式相同吗？,0
1015,肺结核,肺结核可以吃异烟肼吗？,肺结核能吃异烟肼吗？,1
1016,肺结核,肺结核可以吃异烟肼吗？,肺结核可不可以吃异烟肼？,1
1017,肺结核,肺结核可以吃异烟肼吗？,肺结核吃头孢还是异烟肼,0
1018,肺结核,肺结核可以吃异烟肼吗？,肺结核阿莫西林和异烟肼可以一起吃吗,0
1019,肺结核,肺结核可以吃异烟肼吗？,肺结核，吃了三天异烟肼，可否换成头孢？,0
1020,肺结核,肺结核可以吃异烟肼吗？,肺结核吃异烟肼有效果吗,1
1021,肺结核,肺结核可以吃异烟肼吗？,肺结核需要吃异烟肼吗？,1
1022,肺结核,肺结核可以吃异烟肼吗？,肺结核是什么症状,0
1023,肺结核,肺结核可以吃异烟肼吗？,肺结核需要吃药什么药,0
1024,肺结核,肺结核可以吃异烟肼吗？,异烟肼作用是什么,0
1025,肺结核,肺结核吃什么药好,肺结核吃什么药才能好？,1
1026,肺结核,肺结核吃什么药好,肺结核有什么特效药？,1
1027,肺结核,肺结核吃什么药好,小孩肺结核吃什么药好?,0
1028,肺结核,肺结核吃什么药好,宝宝肺结核吃什么药好？,0
1029,肺结核,肺结核吃什么药好,肺结核有哪些药可以吃？,0
1030,肺结核,肺结核咳嗽厉害吃什么药,肺结核咳嗽吃什么药,1
1031,肺结核,肺结核咳嗽厉害吃什么药,肺结核咳嗽厉害吃哪种药,1
1032,肺结核,肺结核咳嗽厉害吃什么药,肺结核引发的咳嗽吃什么药,0
1033,肺结核,肺结核咳嗽厉害吃什么药,肺结核咳嗽吃什么药效果好,0
1034,肺结核,肺结核咳嗽厉害吃什么药,肺结核咳嗽厉害吃什么药最有效？,0
1035,肺结核,肺结核如何诊断检查,肺结核怎样诊断检查,1
1036,肺结核,肺结核如何诊断检查,做什么检查可以查出肺结核,1
1037,肺结核,肺结核如何诊断检查,肺结核怎么办,0
1038,肺结核,肺结核如何诊断检查,如何预防肺结核,0
1039,肺结核,肺结核如何诊断检查,肺结核吃什么药,0
1040,肺结核,肺结核引起的原因有哪些,肺结核主要引起的原因 ?,1
1041,肺结核,肺结核引起的原因有哪些,引起肺结核的原因是什么？,1
1042,肺结核,肺结核引起的原因有哪些,反复肺结核，什么原因导致？,0
1043,肺结核,肺结核引起的原因有哪些,小儿肺结核是什么原因引起的？,0
1044,肺结核,肺结核引起的原因有哪些,"肺结核,引起的发烧,一直不降,什么原因",0
1045,肺结核,肺结核引起的原因有哪些,肺结核是什么原因造成的,1
1046,肺结核,肺结核引起的原因有哪些,反复肺结核，什么原因导致,0
1047,肺结核,肺结核引起的原因有哪些,造成妊娠合并急性肺结核的原因有哪些？,0
1048,肺结核,肺结核引起肺部感染怎么办啊？,怎么应对因肺结核引起的肺部感染？,1
1049,肺结核,肺结核引起肺部感染怎么办啊？,怎么应对肺部感染？因肺结核引起的。,1
1050,肺结核,肺结核引起肺部感染怎么办啊？,肺结核引起肺部感染的原因有哪些？,0
1051,肺结核,肺结核引起肺部感染怎么办啊？,肺结核引起肺部感染会自己好吗？,0
1052,肺结核,肺结核引起肺部感染怎么办啊？,肺结核引起肺部感染该如何治疗？,0
1053,肺结核,肺结核用什么药?,肺结核应该吃什么药,1
1054,肺结核,肺结核用什么药?,什么药治疗肺结核,1
1055,肺结核,肺结核用什么药?,肺结核的后遗症有哪些,0
1056,肺结核,肺结核用什么药?,肺结核喝中药好吗,0
1057,肺结核,肺结核用什么药?,肺结核会引起咳嗽吗,0
1058,肺结核,肺结核用什么药?,肺结核应该吃什么药,1
1059,肺结核,肺结核用什么药?,肺结核怎么治疗,1
1060,肺结核,肺结核用什么药?,肺结核的症状是什么,0
1061,肺结核,肺结核用什么药?,肺结核的起因是什么,0
1062,肺结核,肺结核用什么药?,怎样判断是肺结核,0
1063,肺结核,肺结核的治疗方法,肺结核的治疗方法有哪些,1
1064,肺结核,肺结核的治疗方法,肺结核有什么办法治疗？,1
1065,肺结核,肺结核的治疗方法,孕妇肺结核治疗方法？,0
1066,肺结核,肺结核的治疗方法,急性肺结核的治疗方法,0
1067,肺结核,肺结核的治疗方法,咨询肺结核的症状和治疗方法,0
1068,肺结核,两岁六个月宝宝肺结核怎么办？,两岁六个月宝宝肺结核如何是好？,1
1069,肺结核,两岁六个月宝宝肺结核怎么办？,两岁六个月宝宝肺结核该怎么治疗？,1
1070,肺结核,两岁六个月宝宝肺结核怎么办？,宝宝肺结核多久能好？,0
1071,肺结核,两岁六个月宝宝肺结核怎么办？,小孩肺结核的症状有哪些？,0
1072,肺结核,两岁六个月宝宝肺结核怎么办？,宝宝肺结核严重吗？,0
1073,肺结核,中医怎么治疗肺结核好?,肺结核中医有什么好办法治疗？,1
1074,肺结核,中医怎么治疗肺结核好?,中医治疗肺结核哪些方法好？,1
1075,肺结核,中医怎么治疗肺结核好?,肺结核中医可以治疗吗,0
1076,肺结核,中医怎么治疗肺结核好?,怎样预防肺结核病？,0
1077,肺结核,中医怎么治疗肺结核好?,怎么样算是肺结核病呢？,0
1078,肺结核,什么是小儿肺结核,小儿肺结核症状是什么,1
1079,肺结核,什么是小儿肺结核,小儿肺结核是指什么,1
1080,肺结核,什么是小儿肺结核,小儿肺结核用什么药,0
1081,肺结核,什么是小儿肺结核,小儿肺结核护理是什么,0
1082,肺结核,什么是小儿肺结核,小儿肺结核会交叉感染吗,0
1083,肺结核,儿童肺结核要吃什么药物?,儿童肺结核可以吃什么药,1
1084,肺结核,儿童肺结核要吃什么药物?,儿童肺结核能吃什么药好的快,1
1085,肺结核,儿童肺结核要吃什么药物?,儿童肺结核是呼吸道疾病吗,0
1086,肺结核,儿童肺结核要吃什么药物?,儿童上呼吸道感后咳嗽怎么办,0
1087,肺结核,儿童肺结核要吃什么药物?,儿童肺结核有痰怎么办,0
1088,肺结核,儿童肺结核怎么治疗,孩子得了肺结核要怎么治疗？,1
1089,肺结核,儿童肺结核怎么治疗,儿童肺结核该如何治疗？,1
1090,肺结核,儿童肺结核怎么治疗,怎么确定宝宝得了肺结核？,0
1091,肺结核,儿童肺结核怎么治疗,小孩子得了肺结核会传染给大人吗？,0
1092,肺结核,儿童肺结核怎么治疗,小孩子肺结核有什么症状？,0
1093,肺结核,北京治疗肺结核哪里比较好?,北京哪个医院治疗肺结核比较好？,1
1094,肺结核,北京治疗肺结核哪里比较好?,北京治疗肺结核比较好的地方是哪里？,1
1095,肺结核,北京治疗肺结核哪里比较好?,治疗肺结核药有哪些？,0
1096,肺结核,北京治疗肺结核哪里比较好?,如何治疗肺结核,0
1097,肺结核,北京治疗肺结核哪里比较好?,应如何治疗肺结核？,0
1098,肺结核,变应性肺结核就是肺结核吗？,变应性肺结核与肺结核一样吗？,1
1099,肺结核,变应性肺结核就是肺结核吗？,变应性肺结核是否就是肺结核？,1
1100,肺结核,变应性肺结核就是肺结核吗？,变应性肺结核的饮食禁忌有哪些？,0
1101,肺结核,变应性肺结核就是肺结核吗？,变应性肺结核怎么治疗？,0
1102,肺结核,变应性肺结核就是肺结核吗？,变应性肺结核能跑步吗？,0
1103,肺结核,肺结核在饮食上应注意什么,肺结核饮食应注意哪些事项？,1
1104,肺结核,肺结核在饮食上应注意什么,肺结核饮食需要注意什么？,1
1105,肺结核,肺结核在饮食上应注意什么,如何诊断儿童咳嗽肺结核？,0
1106,肺结核,肺结核在饮食上应注意什么,咳嗽肺结核的症状有哪些？,0
1107,肺结核,肺结核在饮食上应注意什么,肺结核吃什么药？,0
1108,肺结核,肺结核应该怎么治?,肺结核怎么办,1
1109,肺结核,肺结核应该怎么治?,肺结核怎样治疗,1
1110,肺结核,肺结核应该怎么治?,咳嗽和肺结核有关系吗,0
1111,肺结核,肺结核应该怎么治?,肺结核和肺结核的有区别吗,0
1112,肺结核,肺结核应该怎么治?,肺结核初期是什么症状,0
1113,肺结核,肺结核患者应该注意什么?,咳嗽肺结核病人有什么注意事项吗？,1
1114,肺结核,肺结核患者应该注意什么?,肺结核患者日常生活注意事项有哪些？,1
1115,肺结核,肺结核患者应该注意什么?,咳嗽变异性型肺结核的症状有什么？,0
1116,肺结核,肺结核患者应该注意什么?,治咳嗽肺结核有什么好的方法吗？,0
1117,肺结核,肺结核患者应该注意什么?,咳嗽肺结核有什么特点？,0
1118,肺结核,肺结核病是什么原因导致的,肺结核病是怎么造成的？,1
1119,肺结核,肺结核病是什么原因导致的,引发肺结核病的原因是什么？,1
1120,肺结核,肺结核病是什么原因导致的,肺结核的症状有哪些？,0
1121,肺结核,肺结核病是什么原因导致的,咳嗽肺结核病人有什么注意事项吗？,0
1122,肺结核,肺结核病是什么原因导致的,肺结核可以吃什么食物？,0
1123,肺结核,肺结核的饮食注意，哪些食物不能吃,肺结核的饮食要注意什么，什么不能吃？,1
1124,肺结核,肺结核的饮食注意，哪些食物不能吃,肺结核的饮食注意事项有什么忌吃什么？,1
1125,肺结核,肺结核的饮食注意，哪些食物不能吃,变异肺结核做什么检查？,0
1126,肺结核,肺结核的饮食注意，哪些食物不能吃,肺结核用什么药最好？,0
1127,肺结核,肺结核的饮食注意，哪些食物不能吃,是什么导致肺结核？,0
1128,肺结核,肺结核需要做哪些检查,肺结核要做哪些检查项目？,1
1129,肺结核,肺结核需要做哪些检查,肺结核要做什么样的检查？,1
1130,肺结核,肺结核需要做哪些检查,肺结核的症状有什么？,0
1131,肺结核,肺结核需要做哪些检查,什么是变异性咳嗽肺结核？,0
1132,肺结核,肺结核需要做哪些检查,肺结核注意些什么？,0
1133,肺结核,肺结核需要做哪些检查,肺结核的检查项目有哪些？,1
1134,肺结核,肺结核需要做哪些检查,肺结核确诊需要哪些检查？,1
1135,肺结核,肺结核需要做哪些检查,检查肺结核花多少钱,0
1136,肺结核,肺结核需要做哪些检查,肺结核有哪几种,0
1137,肺结核,肺结核需要做哪些检查,肺结核吃什么好？,0
1138,肺结核,只咳嗽，不喘是不是咳嗽肺结核,只咳嗽，不喘能确认是咳嗽肺结核吗,1
1139,肺结核,只咳嗽，不喘是不是咳嗽肺结核,咳嗽五个月不伴喘是肺结核吗,1
1140,肺结核,只咳嗽，不喘是不是咳嗽肺结核,经常咳嗽喘不上气会是混合性肺结核？,0
1141,肺结核,只咳嗽，不喘是不是咳嗽肺结核,有不咳不喘的肺结核吗？,0
1142,肺结核,只咳嗽，不喘是不是咳嗽肺结核,我最近咳嗽气喘是肺结核吗？,0
1143,肺结核,咳嗽3个月了，可能是肺结核吗,长期咳嗽会不会导致肺结核,1
1144,肺结核,咳嗽3个月了，可能是肺结核吗,咳嗽3个月了，如何判断是不是肺结核,1
1145,肺结核,咳嗽3个月了，可能是肺结核吗,肺结核能治愈吗,0
1146,肺结核,咳嗽3个月了，可能是肺结核吗,肺结核影响肺功能吗,0
1147,肺结核,咳嗽3个月了，可能是肺结核吗,肺结核是怎么得的,0
1148,肺结核,咳嗽肺结核不能吃什么,咳嗽肺结核怎样注意饮食,1
1149,肺结核,咳嗽肺结核不能吃什么,咳嗽肺结核饮食方面如何护理,1
1150,肺结核,咳嗽肺结核不能吃什么,咳嗽肺结核是怎么回事,0
1151,肺结核,咳嗽肺结核不能吃什么,咳嗽肺结核是怎么得的,0
1152,肺结核,咳嗽肺结核不能吃什么,咳嗽肺结核吃什么药可以缓解,0
1153,肺结核,咳嗽肺结核会给患者带来哪些危害?,咳嗽肺结核对患者有什么危害?,1
1154,肺结核,咳嗽肺结核会给患者带来哪些危害?,咳嗽肺结核对患者有哪些伤害?,1
1155,肺结核,咳嗽肺结核会给患者带来哪些危害?,咳嗽肺结核病人有什么注意事项吗？,0
1156,肺结核,咳嗽肺结核会给患者带来哪些危害?,肺结核老患者如何用药？,0
1157,肺结核,咳嗽肺结核会给患者带来哪些危害?,咳嗽肺结核有什么症状？,0
1158,肺结核,咳嗽肺结核可以彻底治愈吗,咳嗽肺结核能治好吗,1
1159,肺结核,咳嗽肺结核可以彻底治愈吗,咳嗽肺结核可以根治吗,1
1160,肺结核,咳嗽肺结核可以彻底治愈吗,咳嗽肺结核是怎样诊断的,0
1161,肺结核,咳嗽肺结核可以彻底治愈吗,咳嗽肺结核治疗方法有多少,0
1162,肺结核,咳嗽肺结核可以彻底治愈吗,咳嗽肺结核有危害吗,0
1163,肺结核,咳嗽肺结核怎么治？,咳嗽肺结核如何治疗？,1
1164,肺结核,咳嗽肺结核怎么治？,该怎么治咳嗽肺结核？,1
1165,肺结核,咳嗽肺结核怎么治？,咳嗽肺结核能根治？,0
1166,肺结核,咳嗽肺结核怎么治？,咳嗽肺结核可以吃什么？,0
1167,肺结核,咳嗽肺结核怎么治？,如何诊断儿童咳嗽肺结核？,0
1168,肺结核,咳嗽肺结核的危害大吗,咳嗽肺结核的危害大不大？,1
1169,肺结核,咳嗽肺结核的危害大吗,咳嗽肺结核的危害是不是很大？,1
1170,肺结核,咳嗽肺结核的危害大吗,咳嗽肺结核有哪些症状？,0
1171,肺结核,咳嗽肺结核的危害大吗,咳嗽肺结核的病因是什么？,0
1172,肺结核,咳嗽肺结核的危害大吗,咳嗽肺结核吃什么药啊？,0
1173,肺结核,咳嗽肺结核该怎么治疗最好,咳嗽肺结核的病症怎么治疗好呢？,1
1174,肺结核,咳嗽肺结核该怎么治疗最好,怎样能够有效治疗咳嗽肺结核呢,1
1175,肺结核,咳嗽肺结核该怎么治疗最好,咳嗽肺结核原因是什么？,0
1176,肺结核,咳嗽肺结核该怎么治疗最好,咳嗽肺结核症状有什么,0
1177,肺结核,咳嗽肺结核该怎么治疗最好,咳嗽肺结核的症状特点有哪些？,0
1178,肺结核,肺结核一个月多了，夜里反复怎么办,肺结核一个月多了，夜里反复该如何是好？,1
1179,肺结核,肺结核一个月多了，夜里反复怎么办,肺结核一个月多了，夜里反复怎么治疗？,1
1180,肺结核,肺结核一个月多了，夜里反复怎么办,肺结核病人平时应注意什么好？,0
1181,肺结核,肺结核一个月多了，夜里反复怎么办,肺结核病有哪些症状？,0
1182,肺结核,肺结核一个月多了，夜里反复怎么办,肺结核会不会传染？,0
1183,肺结核,肺结核对身体的危害有哪些,肺结核对身体有哪些危害？,1
1184,肺结核,肺结核对身体的危害有哪些,肺结核对于身体有什么危害？,1
1185,肺结核,肺结核对身体的危害有哪些,肺结核病吃什么对身体好？,0
1186,肺结核,肺结核对身体的危害有哪些,怎么运动才有利于肺结核病人身体呢？,0
1187,肺结核,肺结核对身体的危害有哪些,肺结核病人怎么治疗对身体好？,0
1188,肺结核,肺结核是什么原因导致的？,肺结核是什么原因引起的？,1
1189,肺结核,肺结核是什么原因导致的？,造成肺结核的原因是什么？,1
1190,肺结核,肺结核是什么原因导致的？,肺结核的前提症状是什么？,0
1191,肺结核,肺结核是什么原因导致的？,肺结核可以治愈吗？,0
1192,肺结核,肺结核是什么原因导致的？,肺结核会传染吗？,0
1193,肺结核,肺结核病人吃什么食物好呢?,吃什么食物对肺结核病人好呢?,1
1194,肺结核,肺结核病人吃什么食物好呢?,肺结核病人适宜吃什么食物？,1
1195,肺结核,肺结核病人吃什么食物好呢?,肺结核病人在饮食上有什么要注意的？,0
1196,肺结核,肺结核病人吃什么食物好呢?,肺结核病人能吃什么药？,0
1197,肺结核,肺结核病人吃什么食物好呢?,肺结核应该怎么预防？,0
1198,肺结核,肺结核病要怎样治疗，会传染吗？,肺结核病如何医治，是否传染？,1
1199,肺结核,肺结核病要怎样治疗，会传染吗？,怎么治疗肺结核病，这个病传染吗？,1
1200,肺结核,肺结核病要怎样治疗，会传染吗？,肺结核病严重吗？会引发其他疾病吗？,0
1201,肺结核,肺结核病要怎样治疗，会传染吗？,肺结核病情跟自身抵抗力有关吗？,0
1202,肺结核,肺结核病要怎样治疗，会传染吗？,肺结核病传播途径是什么？,0
1203,肺结核,肺结核长期使用酶联素是否有副作用,肺结核长期使用酶联素有副作用吗？,1
1204,肺结核,肺结核长期使用酶联素是否有副作用,肺结核长期使用酶联素会不会有副作用？,1
1205,肺结核,肺结核长期使用酶联素是否有副作用,过量服用酶联素有什么后果？,0
1206,肺结核,肺结核长期使用酶联素是否有副作用,肺结核吃酶联素效果好吗？,0
1207,肺结核,肺结核长期使用酶联素是否有副作用,酶联素要注意什么？,0
1208,肺结核,链利福平可以医治肺结核吗？,链利福平能医治肺结核吗？,1
1209,肺结核,利福平可以医治肺结核吗？,利福平能否医治肺结核,1
1210,肺结核,利福平可以医治肺结核吗？,利福平可以医治上什么病状？,0
1211,肺结核,利福平可以医治肺结核吗？,利福平的用法用量是什么,0
1212,肺结核,利福平可以医治肺结核吗？,利福平适用于什么症状,0
1213,肺结核,如何缓解小儿肺结核引起的咳嗽？,缓解小儿肺结核引起的咳嗽有什么方法？,1
1214,肺结核,如何缓解小儿肺结核引起的咳嗽？,怎么缓解小儿肺结核引起的咳嗽？,1
1215,肺结核,如何缓解小儿肺结核引起的咳嗽？,小儿肺结核会引发咳嗽吗？,0
1216,肺结核,如何缓解小儿肺结核引起的咳嗽？,小儿肺结核有哪些症状？,0
1217,肺结核,如何缓解小儿肺结核引起的咳嗽？,如何治疗小儿肺结核？,0
1218,肺结核,婴幼儿肺结核吃什么药？,肺结核的婴幼儿吃什么药？,1
1219,肺结核,婴幼儿肺结核吃什么药？,婴幼儿的肺结核了该吃什么药？,1
1220,肺结核,婴幼儿肺结核吃什么药？,婴幼儿肺结核可以预防吗？,0
1221,肺结核,婴幼儿肺结核吃什么药？,婴幼儿肺结核的病因是什么？,0
1222,肺结核,婴幼儿肺结核吃什么药？,婴幼儿肺结核会留下后遗症吗？,0
1223,肺结核,孕妇有肺结核可以服用乙胺丁醇吗,孕妇服用乙胺丁醇治疗肺结核可以吗,1
1224,肺结核,孕妇有肺结核可以服用乙胺丁醇吗,孕妇患有肺结核服用乙胺丁醇有什么副作用,1
1225,肺结核,孕妇有肺结核可以服用乙胺丁醇吗,乙胺丁醇是中药还是西药,0
1226,肺结核,孕妇有肺结核可以服用乙胺丁醇吗,乙胺丁醇一盒多少片,0
1227,肺结核,孕妇有肺结核可以服用乙胺丁醇吗,可以长期服用乙胺丁醇吗,0
1228,肺结核,孩子肺结核引起反复发烧是原因,什么原因引起孩子肺结核反复发烧,1
1229,肺结核,孩子肺结核引起反复发烧是原因,引起孩子肺结核反复发烧的诱因是什么,1
1230,肺结核,孩子肺结核引起反复发烧是原因,孩子肺结核反复发烧吃什么药,0
1231,肺结核,孩子肺结核引起反复发烧是原因,孩子肺结核反复发烧是肺炎吗,0
1232,肺结核,孩子肺结核引起反复发烧是原因,孩子发烧需要打点滴吗,0
1233,肺结核,孩子感冒咳嗽如何判断是肺结核,孩子感冒咳嗽怎么判断是肺结核,1
1234,肺结核,孩子感冒咳嗽如何判断是肺结核,孩子感冒咳嗽怎么看出来是肺结核,1
1235,肺结核,孩子感冒咳嗽如何判断是肺结核,宝宝一个月两次感冒咳嗽，是肺结核吗,0
1236,肺结核,孩子感冒咳嗽如何判断是肺结核,急性肺结核宝宝感冒咳嗽,0
1237,肺结核,孩子感冒咳嗽如何判断是肺结核,肺结核孩子感冒咳嗽，鼻塞,0
1238,肺结核,孩子感冒咳嗽如何判断是肺结核,孩子肺结核的症状是感冒咳嗽吗,1
1239,肺结核,孩子感冒咳嗽如何判断是肺结核,孩子感冒咳嗽怎样判断是肺结核,1
1240,肺结核,孩子感冒咳嗽如何判断是肺结核,孩子感冒咳嗽是肺炎吗,0
1241,肺结核,孩子感冒咳嗽如何判断是肺结核,孩子感冒咳嗽吃什么药,0
1242,肺结核,孩子感冒咳嗽如何判断是肺结核,孩子感冒咳嗽是怎么回事,0
1243,肺结核,宝宝肺结核反复发烧该如何治疗,宝宝肺结核反复发烧怎么治？,1
1244,肺结核,宝宝肺结核反复发烧该如何治疗,宝宝肺结核反复发烧该怎样进行治疗,1
1245,肺结核,宝宝肺结核反复发烧该如何治疗,一周岁宝宝肺结核反复发烧，两天了需要输液治疗吗？,0
1246,肺结核,宝宝肺结核反复发烧该如何治疗,10岁小孩肺结核反复发烧如何治疗,0
1247,肺结核,宝宝肺结核反复发烧该如何治疗,小孩反复肺结核，发烧怎么根治？,0
1248,肺结核,宝宝肺结核怎么办？,怎么应对宝宝的肺结核？,1
1249,肺结核,宝宝肺结核怎么办？,宝宝的肺结核怎么应对？,1
1250,肺结核,宝宝肺结核怎么办？,宝宝肺结核吃消炎药一般多久痊愈？,0
1251,肺结核,宝宝肺结核怎么办？,宝宝肺结核吃消炎药有用吗？,0
1252,肺结核,宝宝肺结核怎么办？,宝宝肺结核吃什么消炎药？,0
1253,肺结核,宝宝肺结核性支气管炎怎么办,宝宝有肺结核性支气管炎如何处理？,1
1254,肺结核,宝宝肺结核性支气管炎怎么办,宝宝肺结核性支气管炎该怎么治疗？,1
1255,肺结核,宝宝肺结核性支气管炎怎么办,宝宝肺结核性支气管炎是什么原因？,0
1256,肺结核,宝宝肺结核性支气管炎怎么办,肺结核性支气管炎怎么预防？,0
1257,肺结核,宝宝肺结核性支气管炎怎么办,肺结核性支气管炎有什么症状？,0
1258,肺结核,宝宝是否得了新生儿肺结核？,怎么确定宝宝得了肺结核？,1
1259,肺结核,宝宝是否得了新生儿肺结核？,如何诊断宝宝得了肺结核？,1
1260,肺结核,宝宝是否得了新生儿肺结核？,婴儿肺结核的症状有哪些？,0
1261,肺结核,宝宝是否得了新生儿肺结核？,宝宝肺结核怎么治疗？,0
1262,肺结核,宝宝是否得了新生儿肺结核？,宝宝得了肺炎，为什么要查衣原体和支原体？,0
1263,肺结核,小儿肺结核怎么办？,怎么应对小儿肺结核？,1
1264,肺结核,小儿肺结核怎么办？,小儿肺结核怎么应对？,1
1265,肺结核,小儿肺结核怎么办？,小儿肺结核如何预防？,0
1266,肺结核,小儿肺结核怎么办？,小儿肺结核吃药没有效果怎么办？,0
1267,肺结核,小儿肺结核怎么办？,小儿肺结核可以用哪些药？,0
1268,肺结核,小儿推拿能治疗肺结核吗,小儿推拿能否治疗肺结核？,1
1269,肺结核,小儿推拿能治疗肺结核吗,小儿推拿可以治肺结核吗？,1
1270,肺结核,小儿推拿能治疗肺结核吗,孩子支原体咳嗽有什么按摩方法？,0
1271,肺结核,小儿推拿能治疗肺结核吗,孩子支原体咳嗽怎么回事？,0
1272,肺结核,小儿推拿能治疗肺结核吗,孩子支原体咳嗽吃什么好？,0
1273,肺结核,小儿肺结核传染吗？,小儿肺结核会不会传染？,1
1274,肺结核,小儿肺结核传染吗？,小儿肺结核会传染给别人吗？,1
1275,肺结核,小儿肺结核传染吗？,小儿肺结核是怎么传播的？,0
1276,肺结核,小儿肺结核传染吗？,小儿肺结核的症状有哪些？,0
1277,肺结核,小儿肺结核传染吗？,怎么治疗小儿肺结核？,0
1278,肺结核,小儿肺结核复发了该怎么办？,小儿肺结核复发了如何是好？,1
1279,肺结核,小儿肺结核复发了该怎么办？,小儿肺结核复发了怎么做？,1
1280,肺结核,小儿肺结核复发了该怎么办？,小儿肺结核会复发吗？,0
1281,肺结核,小儿肺结核复发了该怎么办？,小儿肺结核有什么症状？,0
1282,肺结核,小儿肺结核复发了该怎么办？,小儿肺结核多长时间能治好？,0
1283,肺结核,小儿肺结核护理需要注意什么？,小儿肺结核护理期间有什么需要注意？,1
1284,肺结核,小儿肺结核护理需要注意什么？,小儿肺结核护理有什么注意事项？,1
1285,肺结核,小儿肺结核护理需要注意什么？,小儿肺结核阳性输液几天能康复？,0
1286,肺结核,小儿肺结核护理需要注意什么？,小儿肺结核治愈标准是什么？,0
1287,肺结核,小儿肺结核护理需要注意什么？,肺结核治愈后会复发吗？,0
1288,肺结核,小儿肺结核治愈的标准？,小儿肺结核治愈的标准是什么？,1
1289,肺结核,小儿肺结核治愈的标准？,确定小儿肺结核治愈有何标准？,1
1290,肺结核,小儿肺结核治愈的标准？,小儿肺结核治愈会复发吗？,0
1291,肺结核,小儿肺结核治愈的标准？,怎么诊断小儿肺结核？,0
1292,肺结核,小儿肺结核治愈的标准？,小儿肺结核有哪些病症？,0
1293,肺结核,小儿肺结核的护理是怎么样的？,小儿肺结核怎么护理？,1
1294,肺结核,小儿肺结核的护理是怎么样的？,小儿肺结核是如何护理的？,1
1295,肺结核,小儿肺结核的护理是怎么样的？,小儿肺结核怎么预防？,0
1296,肺结核,小儿肺结核的护理是怎么样的？,治疗小儿肺结核有什么方法？,0
1297,肺结核,小儿肺结核的护理是怎么样的？,小儿肺结核有哪些病症？,0
1298,肺结核,小儿肺结核的饮食需要注意吗？,小儿肺结核的饮食有什么要注意的？,1
1299,肺结核,小儿肺结核的饮食需要注意吗？,小儿肺结核的饮食注意事项是什么？,1
1300,肺结核,小儿肺结核的饮食需要注意吗？,如何诊断小儿肺结核？,0
1301,肺结核,小儿肺结核的饮食需要注意吗？,怎么治疗小儿肺结核？,0
1302,肺结核,小儿肺结核的饮食需要注意吗？,小儿肺结核如何食疗？,0
1303,肺结核,小儿肺结核饮食需要注意什么？,小儿肺结核饮食上有什么需要注意的？,1
1304,肺结核,小儿肺结核饮食需要注意什么？,小儿肺结核饮食的注意事项是什么？,1
1305,肺结核,小儿肺结核饮食需要注意什么？,小儿肺结核有哪些症状？,0
1306,肺结核,小儿肺结核饮食需要注意什么？,小儿肺结核是什么病？,0
1307,肺结核,小儿肺结核饮食需要注意什么？,小儿肺结核能根治吗？,0
1308,肺结核,小儿肺结核肺炎有后遗症吗,小儿肺结核肺炎会留下后遗症吗？,1
1309,肺结核,小儿肺结核肺炎有后遗症吗,小儿肺结核肺炎有没有后遗症?,1
1310,肺结核,小儿肺结核肺炎有后遗症吗,儿童肺结核复发率高不？,0
1311,肺结核,小儿肺结核肺炎有后遗症吗,肺结核可以自愈吗？,0
1312,肺结核,小儿肺结核肺炎有后遗症吗,小儿肺结核好治不？,0
1313,肺结核,小孩肺结核咳嗽吃什么药,小孩肺结核能吃什么药,1
1314,肺结核,小孩肺结核咳嗽吃什么药,小孩肺结核需要吃什么药,1
1315,肺结核,小孩肺结核咳嗽吃什么药,小孩肺结核能引起咳嗽吗,0
1316,肺结核,小孩肺结核咳嗽吃什么药,小孩肺结核是怎么回事,0
1317,肺结核,小孩肺结核咳嗽吃什么药,小孩咳嗽怎么回事,0
1318,肺结核,小孩得了肺结核用什么药治最好？,小孩得了肺结核什么药效果好？,1
1319,肺结核,小孩得了肺结核用什么药治最好？,小孩得了肺结核用什么药最管用？,1
1320,肺结核,小孩得了肺结核用什么药治最好？,小儿肺结核一般如何医治？,0
1321,肺结核,小孩得了肺结核用什么药治最好？,小孩肺结核严重吗？,0
1322,肺结核,小孩得了肺结核用什么药治最好？,小孩肺结核饮食上吃什么好？,0
1323,肺结核,小孩经常肺结核吃什么增强免疫力,，吃点什么增加孩子肺结核抵抗力？,1
1324,肺结核,小孩经常肺结核吃什么增强免疫力,小孩肺结核吃什么增强免疫力,1
1325,肺结核,小孩经常肺结核吃什么增强免疫力,小孩经常肺结核吃什么好呢?,0
1326,肺结核,小孩经常肺结核吃什么增强免疫力,小孩经常肺结核吃什么药好呢,0
1327,肺结核,小孩经常肺结核吃什么增强免疫力,小孩经常肺结核会有什么后遗症吗,0
1328,肺结核,得了咳嗽肺结核怎么办,得了咳嗽肺结核如何治疗,1
1329,肺结核,得了咳嗽肺结核怎么办,得了咳嗽肺结核怎样治疗,1
1330,肺结核,得了咳嗽肺结核怎么办,过敏会引起咳嗽肺结核吗,0
1331,肺结核,得了咳嗽肺结核怎么办,咳嗽肺结核临床表现是什么,0
1332,肺结核,得了咳嗽肺结核怎么办,得了咳嗽肺结核吃东西需要注意什么,0
1333,肺结核,得了小儿肺结核会传染给别人吗？,得了小儿肺结核会不会传染给别人？,1
1334,肺结核,得了小儿肺结核会传染给别人吗？,得了小儿肺结核能否传染给别人？,1
1335,肺结核,得了小儿肺结核会传染给别人吗？,小儿肺结核有什么症状？,0
1336,肺结核,得了小儿肺结核会传染给别人吗？,得了小儿肺结核吃什么药好？,0
1337,肺结核,得了小儿肺结核会传染给别人吗？,小儿肺结核传播途径有什么？,0
1338,肺结核,得了肺结核的病人要注意什么事?,得了肺结核的病人要怎样护理,1
1339,肺结核,得了肺结核的病人要注意什么事?,得了肺结核的病人要注意的事项是什么,1
1340,肺结核,得了肺结核的病人要注意什么事?,什么食物会引起肺结核,0
1341,肺结核,得了肺结核的病人要注意什么事?,得了肺结核的病人典型的症状是什么,0
1342,肺结核,得了肺结核的病人要注意什么事?,得了肺结核的病人适合什么运动,0
1343,肺结核,得了肺结核该怎么办?,得了肺结核怎么样治,1
1344,肺结核,得了肺结核该怎么办?,怎么治疗肺结核比较好,1
1345,肺结核,得了肺结核该怎么办?,患了肺结核的注意事项是什么？,0
1346,肺结核,得了肺结核该怎么办?,患了肺结核有什么症状,0
1347,肺结核,得了肺结核该怎么办?,得了肺结核会怎样,0
1348,肺结核,得了肺结核该怎么办?,得了肺结核怎么治？,1
1349,肺结核,得了肺结核该怎么办?,得了肺结核这种情况如何处理？,1
1350,肺结核,得了肺结核该怎么办?,患了肺结核的注意事项是什么？,0
1351,肺结核,得了肺结核该怎么办?,得了肺结核要怎么护理？,0
1352,肺结核,得了肺结核该怎么办?,肺结核有哪些症状？,0
1353,肺结核,怎么区别鼻炎和肺结核?,如何区别鼻炎和肺结核?,1
1354,肺结核,怎么区别鼻炎和肺结核?,怎么辨别鼻炎和肺结核?,1
1355,肺结核,怎么区别鼻炎和肺结核?,鼻炎，肺结核肺结核会烧几天,0
1356,肺结核,怎么区别鼻炎和肺结核?,鼻炎？肺结核？鼻炎如何缓解,0
1357,肺结核,怎么区别鼻炎和肺结核?,过敏性鼻炎 肺结核是细菌感染吗？,0
1358,肺结核,急性咽喉炎肺结核多久可以好,急性咽喉炎肺结核几天能好呢,1
1359,肺结核,急性咽喉炎肺结核多久可以好,急性咽喉炎肺结核多久能痊愈呢？,1
1360,肺结核,急性咽喉炎肺结核多久可以好,急性咽喉炎肺结核要怎么治疗,0
1361,肺结核,急性咽喉炎肺结核多久可以好,急性咽喉炎肺结核严重吗,0
1362,肺结核,急性咽喉炎肺结核多久可以好,急性咽喉炎肺结核有什么症状？,0
1363,肺结核,感冒肺结核的区别,肺结核和感冒的区别是什么？,1
1364,肺结核,感冒肺结核的区别,肺结核和感冒有什么区别？,1
1365,肺结核,感冒肺结核的区别,肺结核是什么原因造成的，与感冒有什么区别吗？,0
1366,肺结核,感冒肺结核的区别,肺结核，感冒怎么治疗比较好？,0
1367,肺结核,感冒肺结核的区别,普通感冒与肺结核有区别吗？,0
1368,肺结核,我女儿6岁肺结核打了5天吡嗪酰胺不见好怎么办？,我女儿6岁肺结核打了5天吡嗪酰胺不见好怎么做？,1
1369,肺结核,我女儿6岁肺结核打了5天吡嗪酰胺不见好怎么办？,我女儿6岁肺结核打了5天吡嗪酰胺不见好该如何处理？,1
1370,肺结核,我女儿6岁肺结核打了5天吡嗪酰胺不见好怎么办？,肺结核打吡嗪酰胺不见好是什么原因？,0
1371,肺结核,我女儿6岁肺结核打了5天吡嗪酰胺不见好怎么办？,肺结核打吡嗪酰胺管用吗？,0
1372,肺结核,我女儿6岁肺结核打了5天吡嗪酰胺不见好怎么办？,肺结核有什么症状？,0
1373,肺结核,我是肺结核，可以治疗吗,肺结核能不能治疗好？,1
1374,肺结核,我是肺结核，可以治疗吗,肺结核病是否能治？,1
1375,肺结核,我是肺结核，可以治疗吗,肺结核症状是什么？,0
1376,肺结核,我是肺结核，可以治疗吗,什么是肺结核？,0
1377,肺结核,我是肺结核，可以治疗吗,肺结核该如何治疗？,0
1378,肺结核,我老爸肺结核好辛苦，可以吃洋参吗,肺结核能否吃洋参？,1
1379,肺结核,我老爸肺结核好辛苦，可以吃洋参吗,肺结核可不可以吃洋参？,1
1380,肺结核,我老爸肺结核好辛苦，可以吃洋参吗,吃红参和花旗参引发肺结核怎么办？,0
1381,肺结核,我老爸肺结核好辛苦，可以吃洋参吗,西洋参对小孩的肺结核有用吗？,0
1382,肺结核,我老爸肺结核好辛苦，可以吃洋参吗,肺结核能吃蛤蚧和西洋参混合磨成的粉吗？,0
1383,肺结核,肺结核低烧不退该怎么办？,肺结核引起低烧不退如何是好？,1
1384,肺结核,肺结核低烧不退该怎么办？,肺结核低烧不退怎么治？,1
1385,肺结核,肺结核低烧不退该怎么办？,肺结核低烧不退是为什么？,0
1386,肺结核,肺结核低烧不退该怎么办？,肺结核有什么症状？,0
1387,肺结核,肺结核低烧不退该怎么办？,肺结核吃什么药？,0
1388,肺结核,肺结核和支气管肺炎的区别是什么？,肺结核和支气管肺炎有什么区别？,1
1389,肺结核,肺结核和支气管肺炎的区别是什么？,肺结核和支气管肺怎么区分？,1
1390,肺结核,肺结核和支气管肺炎的区别是什么？,肺结核和支气管肺炎哪个严重？,0
1391,肺结核,肺结核和支气管肺炎的区别是什么？,肺结核和支气管肺炎传染吗？,0
1392,肺结核,肺结核和支气管肺炎的区别是什么？,肺结核和支气管肺炎有什么治疗方法？,0
1393,肺结核,肺结核恢复期传染吗,肺结核恢复期会传染吗？,1
1394,肺结核,肺结核恢复期传染吗,肺结核在恢复期内会不会传染？,1
1395,肺结核,肺结核恢复期传染吗,肺结核能断根吗？,0
1396,肺结核,肺结核恢复期传染吗,肺结核肺炎好治疗吗？,0
1397,肺结核,肺结核恢复期传染吗,肺结核怎么感染的？,0
1398,肺结核,肺结核症状有哪些？,肺结核的症状有什么？,1
1399,肺结核,肺结核症状有哪些？,肺结核表现有哪些？,1
1400,肺结核,肺结核症状有哪些？,肺结核有哪些治疗措施？,0
1401,肺结核,肺结核症状有哪些？,肺结核有哪些好的疗法？,0
1402,肺结核,肺结核症状有哪些？,肺结核检查有哪些？,0
1403,肺结核,肺结核阳性吃什么药好,肺结核阳性吃啥药管用？,1
1404,肺结核,肺结核阳性吃什么药好,肺结核阳性吃什么药最佳？,1
1405,肺结核,肺结核阳性吃什么药好,肺结核阳性是什么意思？,0
1406,肺结核,肺结核阳性吃什么药好,肺结核阳性有什么症状？,0
1407,肺结核,肺结核阳性吃什么药好,肺结核阳性如何治愈？,0
1408,肺结核,支气管炎和肺结核有什么区别,支气管炎和肺结核的区别在哪？,1
1409,肺结核,支气管炎和肺结核有什么区别,气管炎和肺结核的区别是什么？,1
1410,肺结核,支气管炎和肺结核有什么区别,怀疑支气管肺结核要怎么确诊？,0
1411,肺结核,支气管炎和肺结核有什么区别,支气管炎能好吗？,0
1412,肺结核,支气管炎和肺结核有什么区别,支气管炎和肺结核有什么征兆？,0
1413,肺结核,春季宝宝如何预防肺结核？,春季如何预防宝宝肺结核？,1
1414,肺结核,春季宝宝如何预防肺结核？,春季肺结核宝宝如何预防？,1
1415,肺结核,春季宝宝如何预防肺结核？,春季宝宝肺结核了怎么办？,0
1416,肺结核,春季宝宝如何预防肺结核？,春季宝宝肺结核了可以吃哪些药？,0
1417,肺结核,春季宝宝如何预防肺结核？,春季宝宝容易造成肺结核吗？,0
1418,肺结核,有肺结核，适宜去健身房锻炼吗,有肺结核，能否去健身房锻炼？,1
1419,肺结核,有肺结核，适宜去健身房锻炼吗,有肺结核还可以去健身房锻炼吗？,1
1420,肺结核,有肺结核，适宜去健身房锻炼吗,肺结核病患者要注意什么事项？,0
1421,肺结核,有肺结核，适宜去健身房锻炼吗,治疗肺结核病的方法有哪些？,0
1422,肺结核,有肺结核，适宜去健身房锻炼吗,肺结核病病因是什么？,0
1423,肺结核,治肺结核对氨水杨酸好不好,治肺结核用对氨水杨酸好吗？,1
1424,肺结核,治肺结核对氨水杨酸好不好,治肺结核服用对氨水杨酸好不好？,1
1425,肺结核,治肺结核对氨水杨酸好不好,肺结核打几天对氨水杨酸能好嘛？,0
1426,肺结核,治肺结核对氨水杨酸好不好,肺结核用头孢吗？,0
1427,肺结核,治肺结核对氨水杨酸好不好,肺结核治疗要多长时间用对氨水杨酸？,0
1428,肺结核,治疗肺结核哪里比较好?,什么地方治疗肺结核好,1
1429,肺结核,治疗肺结核哪里比较好?,肺结核治疗最佳的地方是什么地方,1
1430,肺结核,治疗肺结核哪里比较好?,过敏性的药物都是激素吗,0
1431,肺结核,治疗肺结核哪里比较好?,肺结核要持续吃药吗,0
1432,肺结核,治疗肺结核哪里比较好?,过敏体质会遗传下一代吗,0
1433,肺结核,用异烟肼治疗肺结核有用吗,肺结核用异烟肼有效果吗,1
1434,肺结核,用异烟肼治疗肺结核有用吗,异烟肼可以治疗肺结核吗,1
1435,肺结核,用异烟肼治疗肺结核有用吗,异烟肼的副作用是什么,0
1436,肺结核,用异烟肼治疗肺结核有用吗,异烟肼是抗炎药吗,0
1437,肺结核,用异烟肼治疗肺结核有用吗,异烟肼可以和阿司匹林一起服用吗,0
1438,肺结核,老年性人肺结核需要注意哪些问题？,老年人得了肺结核应注意哪些？,1
1439,肺结核,老年性人肺结核需要注意哪些问题？,患有肺结核的老年人要注意什么？,1
1440,肺结核,老年性人肺结核需要注意哪些问题？,老人肺结核有何症状？,0
1441,肺结核,老年性人肺结核需要注意哪些问题？,老人有肺结核怎么办？,0
1442,肺结核,老年性人肺结核需要注意哪些问题？,老年人肺结核要怎么预防？,0
1443,肺结核,过敏性咳嗽会引起肺结核吗？,过敏性咳嗽会诱发肺结核吗？,1
1444,肺结核,过敏性咳嗽会引起肺结核吗？,过敏性咳嗽会不会造成肺结核？,1
1445,肺结核,过敏性咳嗽会引起肺结核吗？,肺结核咳嗽病因是什么？,0
1446,肺结核,过敏性咳嗽会引起肺结核吗？,过敏性鼻炎和肺炎会导致肺结核嘛？,0
1447,肺结核,过敏性咳嗽会引起肺结核吗？,过敏性肺炎传染吗？,0
1448,肺结核,肺结核一般在哪个季节要特别注意,什么季节应该注意肺结核,1
1449,肺结核,肺结核一般在哪个季节要特别注意,肺结核一般在哪个季节需要防范,1
1450,肺结核,肺结核一般在哪个季节要特别注意,肺结核冬季应该吃什么,0
1451,肺结核,肺结核一般在哪个季节要特别注意,肺结核跟季节有关系吗,0
1452,肺结核,肺结核一般在哪个季节要特别注意,肺结核怎么治,0
1453,肺结核,肺结核会不会影响寿命?,肺结核会有生命危险吗,1
1454,肺结核,肺结核会不会影响寿命?,过敏性最多能活多久,1
1455,肺结核,肺结核会不会影响寿命?,怎样判断是肺结核,0
1456,肺结核,肺结核会不会影响寿命?,过敏跟季节有关系吗,0
1457,肺结核,肺结核会不会影响寿命?,突发肺结核怎么自救,0
1458,肺结核,肺结核吃什么药管用,肺结核吃什么药有效果？,1
1459,肺结核,肺结核吃什么药管用,肺结核吃什么药效果好的快？,1
1460,肺结核,肺结核吃什么药管用,肺结核吃什么水果好？,0
1461,肺结核,肺结核吃什么药管用,肺结核能治好吗？,0
1462,肺结核,肺结核吃什么药管用,肺结核吃什么药副作用最小？,0
1463,肺结核,肺结核平时应注意哪些问题？,肺结核平时应注意什么？,1
1464,肺结核,肺结核平时应注意哪些问题？,患了肺结核平时需要注意哪些事？,1
1465,肺结核,肺结核平时应注意哪些问题？,肺结核有哪些症状？,0
1466,肺结核,肺结核平时应注意哪些问题？,肺结核病的病因是什么？,0
1467,肺结核,肺结核平时应注意哪些问题？,肺结核发作时用什么药见效快？,0
1468,肺结核,肺结核应该注意哪些问题?,肺结核要注意什么？,1
1469,肺结核,肺结核应该注意哪些问题?,肺结核哪些问题是要注意的？,1
1470,肺结核,肺结核应该注意哪些问题?,肺结核吃什么比较好？,0
1471,肺结核,肺结核应该注意哪些问题?,肺结核适合什么运动,0
1472,肺结核,肺结核应该注意哪些问题?,肺结核的症状有哪些,0
1473,肺结核,肺结核怎么治疗才好呢?,肺结核要如何治疗才好呢？,1
1474,肺结核,肺结核怎么治疗才好呢?,怎样治疗肺结核效果好？,1
1475,肺结核,肺结核怎么治疗才好呢?,肺结核不能治好吗？,0
1476,肺结核,肺结核怎么治疗才好呢?,肺结核有什么临床表现？,0
1477,肺结核,肺结核怎么治疗才好呢?,肺结核是什么病？,0
1478,肺结核,肺结核急性发作时怎么办,如何治疗急性发作的肺结核？,1
1479,肺结核,肺结核急性发作时怎么办,肺结核急性发作时如何是好？,1
1480,肺结核,肺结核急性发作时怎么办,宝宝急性咽喉炎肺结核有些什么症状？,0
1481,肺结核,肺结核急性发作时怎么办,急性肺结核怎么样可以预防不再出现？,0
1482,肺结核,肺结核急性发作时怎么办,肺结核急性发作后，应该吸入雾化多长时间？,0
1483,肺结核,肺结核最好应该怎样治疗呢?,得了肺结核如何治疗,1
1484,肺结核,肺结核最好应该怎样治疗呢?,肺结核怎么治疗效果最好,1
1485,肺结核,肺结核最好应该怎样治疗呢?,肺结核的过敏源是什么,0
1486,肺结核,肺结核最好应该怎样治疗呢?,什么是季节性肺结核,0
1487,肺结核,肺结核最好应该怎样治疗呢?,肺结核是什么引起的,0
1488,肺结核,肺结核用一直吃药吗?,肺结核需要长期吃药吗,1
1489,肺结核,肺结核用一直吃药吗?,肺结核要吃多长时间的药,1
1490,肺结核,肺结核用一直吃药吗?,肺结核喝什么药,0
1491,肺结核,肺结核用一直吃药吗?,肺结核不吃药怎么缓解,0
1492,肺结核,肺结核用一直吃药吗?,轻微肺结核用吃药吗,0
1493,肺结核,肺结核的治疗方法?,怎样治疗肺结核,1
1494,肺结核,肺结核的治疗方法?,得了肺结核怎么办,1
1495,肺结核,肺结核的治疗方法?,肺结核的症状有哪些,0
1496,肺结核,肺结核的治疗方法?,肺结核是由什么原因引起的,0
1497,肺结核,肺结核的治疗方法?,肺结核检查什么？,0
1498,肺结核,肺结核的治疗方法有哪些?,肺结核的治疗方法是什么？,1
1499,肺结核,肺结核的治疗方法有哪些?,肺结核有哪些治疗方法？,1
1500,肺结核,肺结核的治疗方法有哪些?,肺结核哟哪些症状？,0
1501,肺结核,肺结核的治疗方法有哪些?,肺结核病的病因是什么？,0
1502,肺结核,肺结核的治疗方法有哪些?,肺结核病好治吗？,0
1503,肺结核,肺结核的症状有哪些？,肺结核有哪些症状？,1
1504,肺结核,肺结核的症状有哪些？,肺结核病的症状是什么？,1
1505,肺结核,肺结核的症状有哪些？,什么是肺结核？,0
1506,肺结核,肺结核的症状有哪些？,肺结核病的病因是什么？,0
1507,肺结核,肺结核的症状有哪些？,如何治疗急性发作的肺结核？,0
1508,肺结核,肺结核的过敏源有那些,肺结核的过敏源是什么,1
1509,肺结核,肺结核的过敏源有那些,肺结核的过敏源有多少,1
1510,肺结核,肺结核的过敏源有那些,肺结核治疗方法有哪些,0
1511,肺结核,肺结核的过敏源有那些,肺结核是肺结核吗,0
1512,肺结核,肺结核的过敏源有那些,肺结核能治愈吗,0
1513,肺结核,肺结核能吃什么水果,肺结核可以吃什么水果,1
1514,肺结核,肺结核能吃什么水果,适合肺结核患者吃的水果有哪些,1
1515,肺结核,肺结核能吃什么水果,肺结核能不能经常吃苹果,0
1516,肺结核,肺结核能吃什么水果,肺结核吃什么药比较好,0
1517,肺结核,肺结核能吃什么水果,肺结核的症状是什么,0
1518,肺结核,肺结核还能活多久啊?,肺结核能活多长时间,1
1519,肺结核,肺结核还能活多久啊?,肺结核一般活几年,1
1520,肺结核,肺结核还能活多久啊?,肺结核服药需坚持多久,0
1521,肺结核,肺结核还能活多久啊?,肺结核影响怀孕吗,0
1522,肺结核,肺结核还能活多久啊?,肺结核对药物有依赖吗,0
1523,肺结核,造成小儿肺结核的原因有哪些？,小儿肺结核的病因是什么？,1
1524,肺结核,造成小儿肺结核的原因有哪些？,引发小儿肺结核的因素有哪些？,1
1525,肺结核,造成小儿肺结核的原因有哪些？,小儿肺结核能否自愈？,0
1526,肺结核,造成小儿肺结核的原因有哪些？,小儿肺结核吃什么药效果好？,0
1527,肺结核,造成小儿肺结核的原因有哪些？,小儿肺结核严重吗？,0
1528,肺结核,长期的咳嗽是怎么回事，一定是肺结核吗？,为什么长期咳嗽，肯定是肺结核吗？,1
1529,肺结核,长期的咳嗽是怎么回事，一定是肺结核吗？,长期的咳嗽是什么情况，必然是肺结核吗？,1
1530,肺结核,长期的咳嗽是怎么回事，一定是肺结核吗？,肺结核咳嗽怎么办？,0
1531,肺结核,长期的咳嗽是怎么回事，一定是肺结核吗？,肺结核病是怎么得上的？,0
1532,肺结核,长期的咳嗽是怎么回事，一定是肺结核吗？,如何预防肺结核？,0
1533,肺结核,阿司匹林会诱发肺结核吗？,阿司匹林会导致肺结核吗？,1
1534,肺结核,阿司匹林会诱发肺结核吗？,阿司匹林会引起肺结核吗？,1
1535,肺结核,阿司匹林会诱发肺结核吗？,阿司匹林有什么副作用？,0
1536,肺结核,阿司匹林会诱发肺结核吗？,肺结核能吃什么药？,0
1537,肺结核,阿司匹林会诱发肺结核吗？,阿司匹林是肺结核的引起原因吗？,0
1538,肺结核,酶联素治疗小儿肺结核好吗？,酶联素能治好小儿肺结核吗？,1
1539,肺结核,酶联素治疗小儿肺结核好吗？,酶联素治疗小儿肺结核怎么样？,1
1540,肺结核,酶联素治疗小儿肺结核好吗？,酶联素有什么副作用？,0
1541,肺结核,酶联素治疗小儿肺结核好吗？,小儿肺结核吃什么药管用？,0
1542,肺结核,酶联素治疗小儿肺结核好吗？,酶联素吃多会有什么后果？,0
1543,肺结核,链利福平能治疗肺结核吗,链利福平能不能治疗肺结核？,1
1544,肺结核,利福平能治疗肺结核吗,治疗肺结核可以用利福平吗？,1
1545,肺结核,利福平能治疗肺结核吗,利福平有什么副作用？,0
1546,肺结核,利福平能治疗肺结核吗,肺结核有什么症状？,0
1547,肺结核,利福平能治疗肺结核吗,治疗肺结核的方法有哪些?,0
1548,肺结核,，两岁多女孩去医院检查为肺结核怎么治？,，两岁多女孩去医院检查为肺结核如何治疗？,1
1549,肺结核,，两岁多女孩去医院检查为肺结核怎么治？,，两岁多女孩去医院检查为肺结核该怎么治疗呢？,1
1550,肺结核,，两岁多女孩去医院检查为肺结核怎么治？,宝宝肺结核严重吗？,0
1551,肺结核,，两岁多女孩去医院检查为肺结核怎么治？,小孩肺结核的症状有哪些？,0
1552,肺结核,，两岁多女孩去医院检查为肺结核怎么治？,小孩支原体的病因是什么？,0
1553,肺结核,5岁宝宝肺结核咳嗽厉害，不发烧,5岁宝宝肺结核咳嗽厉害，不发烧怎么办？,1
1554,肺结核,5岁宝宝肺结核咳嗽厉害，不发烧,5岁宝宝肺结核咳嗽厉害，不发烧如何是好？,1
1555,肺结核,5岁宝宝肺结核咳嗽厉害，不发烧,五岁宝宝咳嗽肺结核吃什么药呢？,0
1556,肺结核,5岁宝宝肺结核咳嗽厉害，不发烧,宝宝发烧肺结核是阳性怎么办？,0
1557,肺结核,5岁宝宝肺结核咳嗽厉害，不发烧,肺结核感染也会发热?,0
1558,肺结核,肺结核化验血能查出传染病吗,肺结核化验血能查出什么病,1
1559,肺结核,肺结核化验血能查出传染病吗,肺结核能验血吗,1
1560,肺结核,肺结核化验血能查出传染病吗,肺结核的检查项目有哪些,0
1561,肺结核,肺结核化验血能查出传染病吗,病毒性肺结核传染吗,0
1562,肺结核,肺结核化验血能查出传染病吗,有传染病医生会告知吗,0
1563,肺结核,肺结核吃什么食物好？,肺结核.吃什么食物,1
1564,肺结核,肺结核吃什么食物好？,医生说是肺结核，应该吃什么比较好呢？,1
1565,肺结核,肺结核吃什么食物好？,肺结核吃什么药比较好？,0
1566,肺结核,肺结核吃什么食物好？,肺结核应该吃什么食物好的比较快？,0
1567,肺结核,肺结核吃什么食物好？,宝宝肺结核吃什么食物？,0
1568,肺结核,肺结核引发中耳炎该如何治疗呢,肺结核引发中耳炎怎么办,1
1569,肺结核,肺结核引发中耳炎该如何治疗呢,肺结核引发中耳炎怎么治疗,1
1570,肺结核,肺结核引发中耳炎该如何治疗呢,肺结核需要及时治疗吗,0
1571,肺结核,肺结核引发中耳炎该如何治疗呢,中耳炎是怎么引起的,0
1572,肺结核,肺结核引发中耳炎该如何治疗呢,肺结核和中耳炎有关系吗,0
1573,肺结核,肺结核是什么原因导致的,肺结核是什么原因引起的,1
1574,肺结核,肺结核是什么原因导致的,肺结核的主要诱因是什么,1
1575,肺结核,肺结核是什么原因导致的,肺结核可以受凉吗,0
1576,肺结核,肺结核是什么原因导致的,肺结核能引起中耳炎吗,0
1577,肺结核,肺结核是什么原因导致的,肺结核常见的细菌是什么,0
1578,肺结核,肺结核，会传给家里人吗？,肺结核，是不是会传给家里人？,1
1579,肺结核,肺结核，会传给家里人吗？,如果肺结核，会传给家里人吗？,1
1580,肺结核,肺结核，会传给家里人吗？,下肺结核，会传给家里人吗？,0
1581,肺结核,肺结核，会传给家里人吗？,肺结核，怎么治疗？,0
1582,肺结核,肺结核，会传给家里人吗？,肺结核，吃什么药会好？,0
1583,肺结核,为什么支气管炎肺结核的反复咳咳不见好转的呢,支气管炎肺结核的反复咳咳不见好转是怎么回事,1
1584,肺结核,为什么支气管炎肺结核的反复咳咳不见好转的呢,支气管炎肺结核的反复咳咳不见好转是什么原因,1
1585,肺结核,为什么支气管炎肺结核的反复咳咳不见好转的呢,支气管炎肺结核和慢性支气管炎是一种病吗,0
1586,肺结核,为什么支气管炎肺结核的反复咳咳不见好转的呢,支气管炎肺结核能用哪些药,0
1587,肺结核,为什么支气管炎肺结核的反复咳咳不见好转的呢,引起支气管炎肺结核有哪些方面,0
1588,肺结核,儿童肺结核怎么治疗？,儿童肺结核怎么办？,1
1589,肺结核,儿童肺结核怎么治疗？,如何医治儿童肺结核？,1
1590,肺结核,儿童肺结核怎么治疗？,如何诊断儿童咳嗽肺结核？,0
1591,肺结核,儿童肺结核怎么治疗？,儿童肺结核有哪些症状？,0
1592,肺结核,儿童肺结核怎么治疗？,儿童肺结核的征兆是怎样的？,0
1593,肺结核,反复肺结核如何用药?,反复肺结核应该吃什么药,1
1594,肺结核,反复肺结核如何用药?,反复肺结核怎么用药,1
1595,肺结核,反复肺结核如何用药?,反复肺结核的症状是什么,0
1596,肺结核,反复肺结核如何用药?,反复肺结核需要手术治疗吗,0
1597,肺结核,反复肺结核如何用药?,反复肺结核饮食上吃什么比较好,0
1598,肺结核,肺结核对患者身体影响有哪些,肺结核对患者有什么影响？,1
1599,肺结核,肺结核对患者身体影响有哪些,肺结核对身体有哪些危害？,1
1600,肺结核,肺结核对患者身体影响有哪些,肺结核是怎么导致的？,0
1601,肺结核,肺结核对患者身体影响有哪些,肺结核有什么症状？,0
1602,肺结核,肺结核对患者身体影响有哪些,肺结核是指什么？,0
1603,肺结核,肺结核有啥样症状和控制方法?,肺结核有哪些症状以及如何控制,1
1604,肺结核,肺结核有啥样症状和控制方法?,哪些是肺结核的症状并且怎样治疗肺结核,1
1605,肺结核,肺结核有啥样症状和控制方法?,何为肺结核,0
1606,肺结核,肺结核有啥样症状和控制方法?,肺结核怎么确诊？,0
1607,肺结核,肺结核有啥样症状和控制方法?,肺结核注意什么？,0
1608,肺结核,肺结核能彻底治疗好吗,肺结核能否根治,1
1609,肺结核,肺结核能彻底治疗好吗,肺结核能治愈吗,1
1610,肺结核,肺结核能彻底治疗好吗,肺结核怎么治疗,0
1611,肺结核,肺结核能彻底治疗好吗,肺结核多久可以治好,0
1612,肺结核,肺结核能彻底治疗好吗,肺结核的症状有哪些？,0
1613,肺结核,吃什么食物对肺结核好,肺结核最好吃什么食物？,1
1614,肺结核,吃什么食物对肺结核好,肺结核吃什么食物最佳？,1
1615,肺结核,吃什么食物对肺结核好,咳嗽肺结核吃什么水果好？,0
1616,肺结核,吃什么食物对肺结核好,咳嗽肺结核吃什么药啊？,0
1617,肺结核,吃什么食物对肺结核好,咳嗽肺结核什么症状？,0
1618,肺结核,咳嗽肺结核中医治疗效果会不会好些,咳嗽肺结核中医治疗管用吗？,1
1619,肺结核,咳嗽肺结核中医治疗效果会不会好些,咳嗽肺结核中医治疗肺结核疗效会比较好吗？,1
1620,肺结核,咳嗽肺结核中医治疗效果会不会好些,中药可以根治肺结核吗？,0
1621,肺结核,咳嗽肺结核中医治疗效果会不会好些,孩子确诊为肺结核，中药期间西药需要停吗？,0
1622,肺结核,咳嗽肺结核中医治疗效果会不会好些,哪种中药可以治疗咳嗽肺结核？,0
1623,肺结核,咳嗽肺结核可以治愈吗?,咳嗽肺结核能治疗好吗,1
1624,肺结核,咳嗽肺结核可以治愈吗?,咳嗽肺结核能根治吗,1
1625,肺结核,咳嗽肺结核可以治愈吗?,咳嗽肺结核病因是什么,0
1626,肺结核,咳嗽肺结核可以治愈吗?,咳嗽肺结核吃什么药可以缓解,0
1627,肺结核,咳嗽肺结核可以治愈吗?,儿童会得咳嗽肺结核吗,0
1628,肺结核,咳嗽肺结核可以治愈吗?,咳嗽肺结核能治好吗？,1
1629,肺结核,咳嗽肺结核可以治愈吗?,咳嗽肺结核能有治愈的可能吗？,1
1630,肺结核,咳嗽肺结核可以治愈吗?,咳嗽肺结核会发展成肺结核吗？,0
1631,肺结核,咳嗽肺结核可以治愈吗?,咳嗽肺结核会胸闷吗？,0
1632,肺结核,咳嗽肺结核可以治愈吗?,咳嗽肺结核影响怀孕吗？,0
1633,肺结核,咳嗽肺结核能根治吗,咳嗽肺结核能否完全治愈,1
1634,肺结核,咳嗽肺结核能根治吗,咳嗽肺结核可以彻底治愈吗,1
1635,肺结核,咳嗽肺结核能根治吗,咳嗽肺结核什么人群会感染,0
1636,肺结核,咳嗽肺结核能根治吗,咳嗽肺结核传染吗,0
1637,肺结核,咳嗽肺结核能根治吗,咳嗽是肺炎吗,0
1638,肺结核,肺结核和肺结核到底哪个厉害,肺结核比肺结核更厉害吗？,1
1639,肺结核,肺结核和肺结核到底哪个厉害,肺结核厉害还是肺结核厉害？,1
1640,肺结核,肺结核和肺结核到底哪个厉害,肺结核和肺结核区别有什么啊？,0
1641,肺结核,肺结核和肺结核到底哪个厉害,肺结核怎样护理,0
1642,肺结核,肺结核和肺结核到底哪个厉害,肺结核怎么办,0
1643,肺结核,肺结核最佳治疗方法是什么,治疗肺结核的最好方法是什么？,1
1644,肺结核,肺结核最佳治疗方法是什么,治疗肺结核效果最好的方法是什么？,1
1645,肺结核,肺结核最佳治疗方法是什么,肺结核有哪几种？,0
1646,肺结核,肺结核最佳治疗方法是什么,肺结核有什么症状？,0
1647,肺结核,肺结核最佳治疗方法是什么,怎么预防肺结核？,0
1648,肺结核,肺结核最佳治疗方法是什么,治疗肺结核最好的方法是什么？,1
1649,肺结核,肺结核最佳治疗方法是什么,肺结核治疗的最佳方法是什么？,1
1650,肺结核,肺结核最佳治疗方法是什么,目前最好的肺结核药是什么？,0
1651,肺结核,肺结核最佳治疗方法是什么,肺结核吃什么最好？,0
1652,肺结核,肺结核最佳治疗方法是什么,老人肺结核吃什么药最好？,0
1653,肺结核,肺结核的治疗方法有哪些,肺结核有哪些治疗方案？,1
1654,肺结核,肺结核的治疗方法有哪些,肺结核的治疗方法有什么？,1
1655,肺结核,肺结核的治疗方法有哪些,肺结核病有什么症状？,0
1656,肺结核,肺结核的治疗方法有哪些,肺结核病的病因是什么？,0
1657,肺结核,肺结核的治疗方法有哪些,治疗肺结核容易吗？,0
1658,肺结核,如何检查才能确诊咳嗽肺结核,咳嗽肺结核做什么检查可以确诊？,1
1659,肺结核,如何检查才能确诊咳嗽肺结核,确诊咳嗽肺结核需要做哪些检查？,1
1660,肺结核,如何检查才能确诊咳嗽肺结核,咳嗽肺结核的诊断依据是什么？,0
1661,肺结核,如何检查才能确诊咳嗽肺结核,咳嗽性肺结核要做哪些检查？,0
1662,肺结核,如何检查才能确诊咳嗽肺结核,咳嗽肺结核要怎么治疗啊？,0
1663,肺结核,婴幼儿肺结核感染能治好吗,婴幼儿感染肺结核能否治愈？,1
1664,肺结核,婴幼儿肺结核感染能治好吗,宝宝肺结核感染可以治好吗？,1
1665,肺结核,婴幼儿肺结核感染能治好吗,肺结核感染的症状是什么？,0
1666,肺结核,婴幼儿肺结核感染能治好吗,宝宝肺结核感染有什么方法治疗？,0
1667,肺结核,婴幼儿肺结核感染能治好吗,婴儿肺结核的症状有哪些？,0
1668,肺结核,孩子咳嗽肺结核，坚持凉水洗澡行吗,孩子咳嗽哮可不可以坚持凉水洗澡？,1
1669,肺结核,孩子咳嗽肺结核，坚持凉水洗澡行吗,孩子咳嗽肺结核能凉水洗澡吗？,1
1670,肺结核,孩子咳嗽肺结核，坚持凉水洗澡行吗,孩子咳嗽肺结核吃什么药效果好？,0
1671,肺结核,孩子咳嗽肺结核，坚持凉水洗澡行吗,孩子咳嗽肺结核怎么办？,0
1672,肺结核,孩子咳嗽肺结核，坚持凉水洗澡行吗,坚持凉水洗澡可以预防肺结核嘛？,0
1673,肺结核,宝宝肺结核吃什么药,小儿肺结核吃什么药?,1
1674,肺结核,宝宝肺结核吃什么药,宝宝肺结核吃那种药?,1
1675,肺结核,宝宝肺结核吃什么药,七个月宝宝肺结核吃什么药好？,0
1676,肺结核,宝宝肺结核吃什么药,42天的宝宝肺结核吃什么药,0
1677,肺结核,宝宝肺结核吃什么药,宝宝肺结核吃什么药快,0
1678,肺结核,宝宝得肺结核必须有什么方法能治愈好,宝宝肺结核感染用什么方法治疗能治愈？,1
1679,肺结核,宝宝得肺结核必须有什么方法能治愈好,宝宝得肺结核要采取哪种办法能治愈好？,1
1680,肺结核,宝宝得肺结核必须有什么方法能治愈好,宝宝肺结核感染的症状主要是什么？,0
1681,肺结核,宝宝得肺结核必须有什么方法能治愈好,宝宝肺结核感染是什么病？,0
1682,肺结核,宝宝得肺结核必须有什么方法能治愈好,宝宝感染肺结核严重吗？,0
1683,肺结核,小儿肺结核的病因是什么？,是什么原因导致小儿肺结核的？,1
1684,肺结核,小儿肺结核的病因是什么？,导致小儿肺结核的原因是什么？,1
1685,肺结核,小儿肺结核的病因是什么？,小儿肺结核怎么应对？,0
1686,肺结核,小儿肺结核的病因是什么？,小儿肺结核如何预防？,0
1687,肺结核,小儿肺结核的病因是什么？,小儿肺结核可以用哪些药？,0
1688,肺结核,小儿肺结核吃莫西沙星吗？,肺结核可以吃莫西沙星片吗?,1
1689,肺结核,小儿肺结核吃莫西沙星吗？,小儿肺结核能否吃莫西沙星？,1
1690,肺结核,小儿肺结核吃莫西沙星吗？,小儿肺结核有什么症状呢？,0
1691,肺结核,小儿肺结核吃莫西沙星吗？,小儿肺结核常见吗？,0
1692,肺结核,小儿肺结核吃莫西沙星吗？,小儿肺结核难治吗？,0
1693,肺结核,小儿肺结核有什么症状？,小儿肺结核会有什么症状？,1
1694,肺结核,小儿肺结核有什么症状？,小儿肺结核症状有哪些？,1
1695,肺结核,小儿肺结核有什么症状？,小儿肺结核的病因是什么？,0
1696,肺结核,小儿肺结核有什么症状？,小儿肺结核怎么治？,0
1697,肺结核,小儿肺结核有什么症状？,小儿肺结核能吃什么水果？,0
1698,肺结核,小儿肺结核的治疗方法有哪些？,小儿肺结核有什么治疗方法？,1
1699,肺结核,小儿肺结核的治疗方法有哪些？,小儿肺结核的治疗方法是什么？,1
1700,肺结核,小儿肺结核的治疗方法有哪些？,小儿肺结核有哪些症状？,0
1701,肺结核,小儿肺结核的治疗方法有哪些？,如何诊断小儿肺结核？,0
1702,肺结核,小儿肺结核的治疗方法有哪些？,小儿肺结核吃什么食物合适？,0
1703,肺结核,小儿支气管肺结核打针后还发烧是怎么了,小儿支气管肺结核打针后还发烧是怎么回事？,1
1704,肺结核,小儿支气管肺结核打针后还发烧是怎么了,为什么小儿支气管肺结核打针后还发烧？,1
1705,肺结核,小儿支气管肺结核打针后还发烧是怎么了,小儿支气管肺结核能吃水果吗？,0
1706,肺结核,小儿支气管肺结核打针后还发烧是怎么了,小儿支气管肺结核有哪些注意事项？,0
1707,肺结核,小儿支气管肺结核打针后还发烧是怎么了,小儿支气管肺结核的临床表现是什么？,0
1708,肺结核,小孩咳嗽有痰还有点肺结核怎么办,小孩咳嗽痰多肺结核怎么处理？,1
1709,肺结核,小孩咳嗽有痰还有点肺结核怎么办,小孩咳嗽有痰而且肺结核该怎么治？,1
1710,肺结核,小孩咳嗽有痰还有点肺结核怎么办,咳嗽肺结核能根治？,0
1711,肺结核,小孩咳嗽有痰还有点肺结核怎么办,咳嗽，肺结核能喝酸奶吗？,0
1712,肺结核,小孩咳嗽有痰还有点肺结核怎么办,咳嗽肺结核可以吃什么？,0
1713,肺结核,开空调容易造成肺结核吗？,开空调会使肺结核吗？,1
1714,肺结核,开空调容易造成肺结核吗？,开空调时上呼吸道容易感染吗？,1
1715,肺结核,开空调容易造成肺结核吗？,开空调为什么会造成肺结核？,0
1716,肺结核,开空调容易造成肺结核吗？,开空调对人的呼吸道有什么影响？,0
1717,肺结核,开空调容易造成肺结核吗？,开空调如何预防肺结核？,0
1718,肺结核,得了小儿肺结核，血常规正常吗？,得了小儿肺结核，血常规是否正常？,1
1719,肺结核,得了小儿肺结核，血常规正常吗？,得了小儿肺结核的话血常规还正常吗？,1
1720,肺结核,得了小儿肺结核，血常规正常吗？,怎么判断咳嗽是否为肺结核？,0
1721,肺结核,得了小儿肺结核，血常规正常吗？,小儿肺结核血常规是什么？,0
1722,肺结核,得了小儿肺结核，血常规正常吗？,小儿肺炎需要做血常规吗？,0
1723,肺结核,得肺结核怎么办啊？,得肺结核如何是好？,1
1724,肺结核,得肺结核怎么办啊？,得肺结核怎么治疗？,1
1725,肺结核,得肺结核怎么办啊？,肺结核是什么？,0
1726,肺结核,得肺结核怎么办啊？,肺结核怎么诊断？,0
1727,肺结核,得肺结核怎么办啊？,得肺结核传染吗？,0
1728,肺结核,患肺结核好几个月了，能治吗,得了肺结核能治好吗,1
1729,肺结核,患肺结核好几个月了，能治吗,肺结核能根治么？,1
1730,肺结核,患肺结核好几个月了，能治吗,，咳嗽肺结核严重吗？,0
1731,肺结核,患肺结核好几个月了，能治吗,肺结核能吃糖吗？,0
1732,肺结核,患肺结核好几个月了，能治吗,肺结核可以自行缓解吗？,0
1733,肺结核,我想知道咳嗽肺结核有没有非常严重的,咳嗽肺结核后期会变得很严重吗,1
1734,肺结核,我想知道咳嗽肺结核有没有非常严重的,有没有很严重的咳嗽肺结核患者,1
1735,肺结核,我想知道咳嗽肺结核有没有非常严重的,咳嗽肺结核的症状特点有哪些？,0
1736,肺结核,我想知道咳嗽肺结核有没有非常严重的,咳嗽肺结核能治愈吗,0
1737,肺结核,我想知道咳嗽肺结核有没有非常严重的,咳嗽肺结核能去根吗,0
1738,肺结核,肺结核一定会得肺结核吗,肺结核是不是一定会得肺结核？,1
1739,肺结核,肺结核一定会得肺结核吗,肺结核会引发肺结核吗？,1
1740,肺结核,肺结核一定会得肺结核吗,肺结核伴轻微肺结核怎么治?,0
1741,肺结核,肺结核一定会得肺结核吗,肺结核被误诊成肺结核的原因是什么？,0
1742,肺结核,肺结核一定会得肺结核吗,肺结核治疗有什么其他的中医方法吗？,0
1743,肺结核,"肺结核已经一个有了,怎么还是鼻塞?",肺结核已经一个有了还是鼻塞是为什么?,1
1744,肺结核,"肺结核已经一个有了,怎么还是鼻塞?",肺结核已经一个有了为什么还是鼻塞?,1
1745,肺结核,"肺结核已经一个有了,怎么还是鼻塞?",肺结核怎么治?,0
1746,肺结核,"肺结核已经一个有了,怎么还是鼻塞?",肺结核有哪些症状?,0
1747,肺结核,"肺结核已经一个有了,怎么还是鼻塞?",肺结核鼻塞能吃药吗?,0
1748,肺结核,肺结核要怎么治疗好,肺结核患者应该怎么治疗比较好呢？,1
1749,肺结核,肺结核要怎么治疗好,肺结核要如何治疗好？,1
1750,肺结核,肺结核要怎么治疗好,小儿肺结核患者应该吃什么好？,0
1751,肺结核,肺结核要怎么治疗好,肺结核患者喷的飞沫空气中存活多长时间？,0
1752,肺结核,肺结核要怎么治疗好,肺结核感染患者接触如何预防？,0
1753,肺结核,支气管炎属于肺结核吗？,肺结核包含支气管炎吗？,1
1754,肺结核,支气管炎属于肺结核吗？,支气管炎是肺结核吗？,1
1755,肺结核,支气管炎属于肺结核吗？,支气管炎与肺结核的区别是什么？,0
1756,肺结核,支气管炎属于肺结核吗？,支气管炎与肺结核的原因有哪些？,0
1757,肺结核,支气管炎属于肺结核吗？,支气管炎就是肺结核吗？,0
1758,肺结核,检查肺结核结果要多久？,肺结核检查多久出结果？,1
1759,肺结核,检查肺结核结果要多久？,肺结核检查结果多长时间能出来？,1
1760,肺结核,检查肺结核结果要多久？,肺结核抽血检查能确诊吗？,0
1761,肺结核,检查肺结核结果要多久？,肺结核检查去哪个科室？,0
1762,肺结核,检查肺结核结果要多久？,怎样检查有肺结核？,0
1763,肺结核,犯了肺结核应该怎么缓解?,突发肺结核需要如何缓解,1
1764,肺结核,犯了肺结核应该怎么缓解?,犯了肺结核能怎样减轻症状,1
1765,肺结核,犯了肺结核应该怎么缓解?,肺结核是怎么引起的,0
1766,肺结核,犯了肺结核应该怎么缓解?,犯了肺结核需要去医院吗,0
1767,肺结核,犯了肺结核应该怎么缓解?,犯了肺结核会呼吸困难吗,0
1768,肺结核,肺结核肺炎怎么治疗,怎么治疗肺结核肺炎？,1
1769,肺结核,肺结核肺炎怎么治疗,肺结核肺炎如何治疗？,1
1770,肺结核,肺结核肺炎怎么治疗,肺结核表现有哪些？,0
1771,肺结核,肺结核肺炎怎么治疗,肺结核可以自愈吗？,0
1772,肺结核,肺结核肺炎怎么治疗,肺结核感染症状是什么？,0
1773,肺结核,肺结核与肺结核的区别,肺结核和肺结核有啥区别,1
1774,肺结核,肺结核与肺结核的区别,肺结核和咳嗽变异性如何区别,1
1775,肺结核,肺结核与肺结核的区别,肺结核气雾剂哪种比较好？,0
1776,肺结核,肺结核与肺结核的区别,肺结核是怎么得的,0
1777,肺结核,肺结核与肺结核的区别,怎么确诊是变异性咳嗽,0
1778,肺结核,肺结核和一般肺结核的区别是什么,肺结核和一般肺结核怎样区别,1
1779,肺结核,肺结核和一般肺结核的区别是什么,肺结核和一般肺结核区别有哪些,1
1780,肺结核,肺结核和一般肺结核的区别是什么,肺结核和荨麻疹有区别吗,0
1781,肺结核,肺结核和一般肺结核的区别是什么,一般肺结核会引发咳血吗,0
1782,肺结核,肺结核和一般肺结核的区别是什么,肺结核是怎样引起的,0
1783,肺结核,肺结核怎么治比较好？,肺结核如何治效果好？,1
1784,肺结核,肺结核怎么治比较好？,怎么治肺结核比较好？,1
1785,肺结核,肺结核怎么治比较好？,什么是肺结核？,0
1786,肺结核,肺结核怎么治比较好？,肺结核有什么症状？,0
1787,肺结核,肺结核怎么治比较好？,肺结核要注意什么？,0
1788,肺结核,肺结核是怎么引起的呢?,肺结核是怎样得的,1
1789,肺结核,肺结核是怎么引起的呢?,是什么引起的肺结核,1
1790,肺结核,肺结核是怎么引起的呢?,肺结核和普通肺结核有什么关系,0
1791,肺结核,肺结核是怎么引起的呢?,肺结核和季节有关系吗,0
1792,肺结核,肺结核是怎么引起的呢?,肺结核前兆是什么,0
1793,肺结核,肺结核病人在平时要注意什么?,肺结核病人日常生活需要注意哪些防护,1
1794,肺结核,肺结核病人在平时要注意什么?,肺结核病人注意事项有哪些,1
1795,肺结核,肺结核病人在平时要注意什么?,肺结核病人复发怎么办,0
1796,肺结核,肺结核病人在平时要注意什么?,肺结核能自救吗,0
1797,肺结核,肺结核病人在平时要注意什么?,什么水果能引起肺结核,0
1798,肺结核,肺结核的症状是那些?,肺结核的表现是什么,1
1799,肺结核,肺结核的症状是那些?,肺结核都有哪些症状,1
1800,肺结核,肺结核的症状是那些?,肺结核咳痰吗,0
1801,肺结核,肺结核的症状是那些?,肺结核的危害有多大,0
1802,肺结核,肺结核的症状是那些?,怎么确诊肺结核,0
1803,肺结核,肺结核究竟怎样治疗?,如何治疗肺结核？,1
1804,肺结核,肺结核究竟怎样治疗?,肺结核要怎么治疗？,1
1805,肺结核,肺结核究竟怎样治疗?,肺结核病因是什么？,0
1806,肺结核,肺结核究竟怎样治疗?,肺结核有哪些症状？,0
1807,肺结核,肺结核究竟怎样治疗?,肺结核治好会不会复发？,0
1808,肺结核,肺结核适合什么运动?,肺结核可以做什么运动,1
1809,肺结核,肺结核适合什么运动?,肺结核能不能运动,1
1810,肺结核,肺结核适合什么运动?,肺结核康复方法是什么,0
1811,肺结核,肺结核适合什么运动?,肺结核注意事项是什么,0
1812,肺结核,肺结核适合什么运动?,运动性肺结核的危害有哪些,0
1813,肺结核,肺结核适合什么运动?,有肺结核适合哪些运动？,1
1814,肺结核,肺结核适合什么运动?,什么运动适合肺结核患者,1
1815,肺结核,肺结核适合什么运动?,肺结核有哪些症状,0
1816,肺结核,肺结核适合什么运动?,肺结核怎样治疗,0
1817,肺结核,肺结核适合什么运动?,肺结核怎么引起的,0
1818,肺结核,问下治肺结核乙胺丁醇好不好,问下治肺结核乙胺丁醇好吗？,1
1819,肺结核,问下治肺结核乙胺丁醇好不好,问下治疗肺结核用乙胺丁醇好不好？,1
1820,肺结核,问下治肺结核乙胺丁醇好不好,肺结核打几天乙胺丁醇能好？,0
1821,肺结核,问下治肺结核乙胺丁醇好不好,肺结核为什吃乙胺丁醇不管用？,0
1822,肺结核,问下治肺结核乙胺丁醇好不好,治疗肺结核用阿奇好还是乙胺丁醇好？,0
1823,肺结核,吡嗪酰胺有何功效可以治疗肺结核吗,吡嗪酰胺有什么作用可以用来治疗肺结核吗？,1
1824,肺结核,吡嗪酰胺有何功效可以治疗肺结核吗,吡嗪酰胺功效是什么能否治疗肺结核？,1
1825,肺结核,吡嗪酰胺有何功效可以治疗肺结核吗,吡嗪酰胺治疗肺结核有没有不良后果？,0
1826,肺结核,吡嗪酰胺有何功效可以治疗肺结核吗,吡嗪酰胺的注意事项是什么？,0
1827,肺结核,吡嗪酰胺有何功效可以治疗肺结核吗,吡嗪酰胺能治什么疾病？,0
1828,肺结核,，怎么可以治疗肺结核病,如何治疗肺结核病？,1
1829,肺结核,，怎么可以治疗肺结核病,患有肺结核病怎么治？,1
1830,肺结核,，怎么可以治疗肺结核病,肺结核病有什么症状？,0
1831,肺结核,，怎么可以治疗肺结核病,如何诊断儿童肺结核？,0
1832,肺结核,肺结核 一到下午头痛加重怎么办？,头痛并且肺结核，下午头痛加重怎么办？,1
1833,肺结核,肺结核 一到下午头痛加重怎么办？,下午头痛加重并且一直肺结核怎么办？,1
1834,肺结核,肺结核 一到下午头痛加重怎么办？,肺结核一到下午头痛加重可以用哪些药？,0
1835,肺结核,肺结核 一到下午头痛加重怎么办？,肺结核一到下午头痛加重是什么原因？,0
1836,肺结核,肺结核 一到下午头痛加重怎么办？,肺结核 一到下午头痛加重要加大药量吗？,0
1837,肺结核,肺结核头痛怎样鉴别？,头痛与肺结核怎么鉴别？,1
1838,肺结核,肺结核头痛怎样鉴别？,怎样鉴别肺结核与头痛？,1
1839,肺结核,肺结核头痛怎样鉴别？,肺结核吃什么药?,0
1840,肺结核,肺结核头痛怎样鉴别？,肺结核咳嗽如何治疗?,0
1841,肺结核,肺结核头痛怎样鉴别？,肺结核症状严重吗?,0
1842,肺结核,肺结核症状严重吗?,肺结核症状明显吗？,1
1843,肺结核,肺结核症状严重吗?,严重吗？上呼吸道的感染症状。,1
1844,肺结核,肺结核症状严重吗?,肺结核引起的小儿咳嗽怎么治疗？,0
1845,肺结核,肺结核症状严重吗?,肺结核吃什么药?,0
1846,肺结核,肺结核症状严重吗?,肺结核咳嗽如何治疗?,0
1847,肺结核,儿子是肺结核医生开了博利康尼是吗,儿子是肺结核医生开了博利康尼管用吗？,1
1848,肺结核,儿子是肺结核医生开了博利康尼是吗,儿子是肺结核医生开了博利康尼有效果吗？,1
1849,肺结核,儿子是肺结核医生开了博利康尼是吗,小孩肺结核吃博利康尼多久能好？,0
1850,肺结核,儿子是肺结核医生开了博利康尼是吗,小孩肺结核有哪些症状？,0
1851,肺结核,儿子是肺结核医生开了博利康尼是吗,小孩肺结核吃博利康尼有何副作用？,0
1852,肺结核,肺结核会有哪些症状，严重不,肺结核有什么样的症状，严不严重？,1
1853,肺结核,肺结核会有哪些症状，严重不,肺结核的症状是什么，严重不？,1
1854,肺结核,肺结核会有哪些症状，严重不,肺结核病是否能治？,0
1855,肺结核,肺结核会有哪些症状，严重不,肺结核病是怎么造成的？,0
1856,肺结核,肺结核会有哪些症状，严重不,肺结核的要注意什么？,0
1857,肺结核,肺结核的治疗方法有哪些,治疗肺结核有什么方法？,1
1858,肺结核,肺结核的治疗方法有哪些,肺结核有哪些治疗方案？,1
1859,肺结核,肺结核的治疗方法有哪些,咳嗽并且喘，算是肺结核吗？,0
1860,肺结核,肺结核的治疗方法有哪些,咳嗽肺结核是什么？,0
1861,肺结核,肺结核的治疗方法有哪些,如何诊断儿童咳嗽肺结核？,0
1862,肺结核,咳嗽肺结核做雾化管用吗,做雾化对咳嗽肺结核有用吗,1
1863,肺结核,咳嗽肺结核做雾化管用吗,咳嗽肺结核做雾化效果好吗,1
1864,肺结核,咳嗽肺结核做雾化管用吗,咳嗽肺结核该如何用药？,0
1865,肺结核,咳嗽肺结核做雾化管用吗,咳嗽肺结核如何治疗？,0
1866,肺结核,咳嗽肺结核做雾化管用吗,什么叫咳嗽肺结核？,0
1867,肺结核,咳嗽肺结核，是由什么原因造成的,咳嗽肺结核的病因是什么？,1
1868,肺结核,咳嗽肺结核，是由什么原因造成的,咳嗽肺结核是什么原因诱发的？,1
1869,肺结核,咳嗽肺结核，是由什么原因造成的,咳嗽肺结核病人有什么注意事项吗？,0
1870,肺结核,咳嗽肺结核，是由什么原因造成的,咳嗽肺结核是什么？,0
1871,肺结核,咳嗽肺结核，是由什么原因造成的,咳嗽肺结核症状是什么？,0
1872,肺结核,肺结核病平时应该注意什么?,得了肺结核病平时应该注意哪些问题？,1
1873,肺结核,肺结核病平时应该注意什么?,肺结核病人平时应注意什么好？,1
1874,肺结核,肺结核病平时应该注意什么?,得了肺结核病怎么办呢？,0
1875,肺结核,肺结核病平时应该注意什么?,肺结核病是怎么得上的？,0
1876,肺结核,肺结核病平时应该注意什么?,肺结核病有哪些症状？,0
1877,肺结核,如何预防小儿肺结核？,小儿肺结核如何预防？,1
1878,肺结核,如何预防小儿肺结核？,肺结核小儿如恶化预防？,1
1879,肺结核,如何预防小儿肺结核？,小儿肺结核会留下后遗症吗？,0
1880,肺结核,如何预防小儿肺结核？,小儿肺结核的病因是什么？,0
1881,肺结核,如何预防小儿肺结核？,小儿肺结核吃药没有效果怎么办？,0
1882,肺结核,宝宝2岁肺结核反复发烧该怎么办,2岁宝宝肺结核反复发烧怎么办,1
1883,肺结核,宝宝2岁肺结核反复发烧该怎么办,宝宝2岁肺结核反复发烧该怎么治疗,1
1884,肺结核,宝宝2岁肺结核反复发烧该怎么办,3岁宝宝肺结核反复发烧怎么办,0
1885,肺结核,宝宝2岁肺结核反复发烧该怎么办,2岁宝宝肺结核反复发烧，怎么回事？,0
1886,肺结核,宝宝2岁肺结核反复发烧该怎么办,2岁多宝宝肺结核反复发烧头疼怎么办,0
1887,肺结核,小儿肺结核可以用哪些对氨水杨酸？,肺结核小儿可以用哪些对氨水杨酸？,1
1888,肺结核,小儿肺结核可以用哪些对氨水杨酸？,小儿肺结核对氨水杨酸可以用哪些？,1
1889,肺结核,小儿肺结核可以用哪些对氨水杨酸？,小儿肺结核怎么办？,0
1890,肺结核,小儿肺结核可以用哪些对氨水杨酸？,小儿肺结核有哪些症状？,0
1891,肺结核,小儿肺结核可以用哪些对氨水杨酸？,小儿肺结核可以预防吗？,0
1892,肺结核,小儿肺结核怎么样治疗,小儿肺结核如何治疗？,1
1893,肺结核,小儿肺结核怎么样治疗,怎样治疗小儿肺结核？,1
1894,肺结核,小儿肺结核怎么样治疗,小儿肺结核严重吗？,0
1895,肺结核,小儿肺结核怎么样治疗,小儿肺结核有什么症状呢？,0
1896,肺结核,小儿肺结核怎么样治疗,小儿肺结核的注意事项是什么？,0
1897,肺结核,小儿肺结核要怎么医治？,怎么治疗小儿肺结核？,1
1898,肺结核,小儿肺结核要怎么医治？,小儿肺结核该如何医治？,1
1899,肺结核,小儿肺结核要怎么医治？,怎么诊断小儿肺结核？,0
1900,肺结核,小儿肺结核要怎么医治？,小儿肺结核有哪些症状？,0
1901,肺结核,小儿肺结核要怎么医治？,小儿肺结核吃什么食物好？,0
1902,肺结核,小孩患肺结核，还低烧，怎么办？,宝宝肺结核持续低烧不退如何是好？,1
1903,肺结核,小孩患肺结核，还低烧，怎么办？,小孩患肺结核，还低烧，该怎么处理办？,1
1904,肺结核,小孩患肺结核，还低烧，怎么办？,肺结核会一直低烧的吗？,0
1905,肺结核,小孩患肺结核，还低烧，怎么办？,小孩肺结核出院后会持续低热吗？,0
1906,肺结核,小孩患肺结核，还低烧，怎么办？,孩子5岁肺结核阳性低烧正常吗？,0
1907,肺结核,得了肺结核要注意些什么？？？谢谢,得了肺结核要注意哪些问题？,1
1908,肺结核,得了肺结核要注意些什么？？？谢谢,得了肺结核有什么需要注意的？,1
1909,肺结核,得了肺结核要注意些什么？？？谢谢,得了肺结核有什么症状？,0
1910,肺结核,得了肺结核要注意些什么？？？谢谢,肺结核病的病因是什么？,0
1911,肺结核,得了肺结核要注意些什么？？？谢谢,肺结核病的治疗方法有什么？,0
1912,肺结核,成年人会得肺结核吗？,成年人会不会得肺结核？,1
1913,肺结核,成年人会得肺结核吗？,成年人是否会患上肺结核吗？,1
1914,肺结核,成年人会得肺结核吗？,肺结核感染可以自愈吗？,0
1915,肺结核,成年人会得肺结核吗？,肺结核严重吗？,0
1916,肺结核,成年人会得肺结核吗？,肺结核会有哪些症状？,0
1917,肺结核,肺结核吃什么药好?,肺结核吃什么药管用?,1
1918,肺结核,肺结核吃什么药好?,肺结核适宜服用什么药?,1
1919,肺结核,肺结核吃什么药好?,肺结核怎么治?,0
1920,肺结核,肺结核吃什么药好?,肺结核有哪些症状?,0
1921,肺结核,肺结核吃什么药好?,肺结核有潜伏期吗?,0
1922,肺结核,肺结核，吃异烟肼好使吗,治疗肺结核，吃异烟肼管用吗？,1
1923,肺结核,肺结核，吃异烟肼好使吗,吃异烟肼对于治疗肺结核有效吗？,1
1924,肺结核,肺结核，吃异烟肼好使吗,肺结核需要吃什么药？,0
1925,肺结核,肺结核，吃异烟肼好使吗,异烟肼有副作用吗？,0
1926,肺结核,肺结核，吃异烟肼好使吗,肺结核有什么症状？,0
1927,肺结核,治疗肺结核哪种药为首选,治疗肺结核首选哪种药为好？,1
1928,肺结核,治疗肺结核哪种药为首选,哪种药治疗肺结核最好？,1
1929,肺结核,治疗肺结核哪种药为首选,治疗肺结核的方法有哪些?,0
1930,肺结核,治疗肺结核哪种药为首选,肺结核有什么症状？,0
1931,肺结核,治疗肺结核哪种药为首选,肺结核会发生病变吗？,0
1932,肺结核,肺结核发作不吃药能扛过去吗,肺结核发作不吃药能行吗？,1
1933,肺结核,肺结核发作不吃药能扛过去吗,肺结核发作时不吃药可取吗？,1
1934,肺结核,肺结核发作不吃药能扛过去吗,肺结核发作有什么症状？,0
1935,肺结核,肺结核发作不吃药能扛过去吗,肺结核有什么方法治疗，可以彻底治好吗？,0
1936,肺结核,肺结核发作不吃药能扛过去吗,肺结核发作可以吃水果吗？,0
1937,肺结核,肺结核怎么治，能去根吗,如何治疗肺结核，这种病能根治吗？,1
1938,肺结核,肺结核怎么治，能去根吗,肺结核有什么方法治疗，可以彻底治好吗？,1
1939,肺结核,肺结核怎么治，能去根吗,肺结核有哪些症状？,0
1940,肺结核,肺结核怎么治，能去根吗,肺结核治疗期间不能吃什么？,0
1941,肺结核,肺结核怎么治，能去根吗,肺结核能运动吗？,0
1942,肺结核,肺结核的治疗方法有哪些,肺结核有哪些治疗手段,1
1943,肺结核,肺结核的治疗方法有哪些,肺结核都有是啥治疗方法,1
1944,肺结核,肺结核的治疗方法有哪些,肺结核会遗传吗,0
1945,肺结核,肺结核的治疗方法有哪些,肺结核的禁忌是什么,0
1946,肺结核,肺结核的治疗方法有哪些,肺结核影响身高吗,0
1947,肺结核,肺结核的治疗方法有哪些,肺结核有哪些治疗方法,1
1948,肺结核,肺结核的治疗方法有哪些,肺结核的治疗方法有多少,1
1949,肺结核,肺结核的治疗方法有哪些,肺结核是不是呼吸困难引起的,0
1950,肺结核,肺结核的治疗方法有哪些,普通肺结核最佳治疗的方法是什么,0
1951,肺结核,肺结核的治疗方法有哪些,什么是肺结核的过敏原,0
1952,肺结核,肺结核要注意些什么吗?,肺结核患者的注意事项是什么？,1
1953,肺结核,肺结核要注意些什么吗?,肺结核患者要注意的是什么？,1
1954,肺结核,肺结核要注意些什么吗?,肺结核患者有哪些症状？,0
1955,肺结核,肺结核要注意些什么吗?,肺结核好治吗？,0
1956,肺结核,肺结核要注意些什么吗?,肺结核的病因是什么？,0
1957,肺结核,酶联素悬剂治疗小儿肺结核有效果吗？,酶联素悬剂治疗小儿肺结核管用吗？,1
1958,肺结核,酶联素悬剂治疗小儿肺结核有效果吗？,用酶联素悬剂治疗小儿肺结核见效吗？,1
1959,肺结核,酶联素悬剂治疗小儿肺结核有效果吗？,酶联素悬剂有什么副作用？,0
1960,肺结核,酶联素悬剂治疗小儿肺结核有效果吗？,酶联素悬剂治疗小儿肺结核用法用量是什么？,0
1961,肺结核,酶联素悬剂治疗小儿肺结核有效果吗？,小儿肺结核是什么症状？,0
1962,肺结核,"肺结核吃什么药,可以不吃吗","肺结核吃什么药,能不吃吗",1
1963,肺结核,"肺结核吃什么药,可以不吃吗","肺结核可以吃什么药,能不吃吗",1
1964,肺结核,"肺结核吃什么药,可以不吃吗",产后肺结核吃什么药不影响奶制,0
1965,肺结核,"肺结核吃什么药,可以不吃吗",肺结核吃什么药最好？肺结核吃什么药最有效,0
1966,肺结核,"肺结核吃什么药,可以不吃吗",肺结核吃什么药最有效,0
1967,肺结核,中医可以治疗小儿肺结核吗？,中医能治小儿肺结核吗？,1
1968,肺结核,中医可以治疗小儿肺结核吗？,中医能否治疗小儿肺结核？,1
1969,肺结核,中医可以治疗小儿肺结核吗？,中医如何治疗小儿肺结核？,0
1970,肺结核,中医可以治疗小儿肺结核吗？,中医治疗小儿肺结核有效果吗？,0
1971,肺结核,中医可以治疗小儿肺结核吗？,治疗小儿肺结核有什么方法？,0
1972,肺结核,肺结核怎么治疗,肺结核应该怎么办,1
1973,肺结核,肺结核怎么治疗,肺结核该如何治疗,1
1974,肺结核,肺结核怎么治疗,肺结核能活多久,0
1975,肺结核,肺结核怎么治疗,肺结核是不是很严重,0
1976,肺结核,肺结核怎么治疗,肺结核是怎样得的,0
1977,肺结核,咳嗽肺结核有什么危害呢?,咳嗽肺结核会对人体造成什么危害,1
1978,肺结核,咳嗽肺结核有什么危害呢?,得了咳嗽肺结核会有什么后果,1
1979,肺结核,咳嗽肺结核有什么危害呢?,咳嗽肺结核用药有哪些,0
1980,肺结核,咳嗽肺结核有什么危害呢?,咳嗽肺结核症状有哪些？,0
1981,肺结核,咳嗽肺结核有什么危害呢?,什么是咳嗽变异肺结核,0
1982,肺结核,喘息性支气管炎和肺结核的区别？,喘息性支气管炎与肺结核有何区别？,1
1983,肺结核,喘息性支气管炎和肺结核的区别？,肺结核和喘息性支气管炎的区别都有什么呢？,1
1984,肺结核,喘息性支气管炎和肺结核的区别？,喘息性支气管炎会变成肺结核吗？,0
1985,肺结核,喘息性支气管炎和肺结核的区别？,什么是喘息性支气管炎？,0
1986,肺结核,喘息性支气管炎和肺结核的区别？,喘息性支气管炎有什么样的症状？,0
1987,肺结核,宝宝反复肺结核怎么办，是免疫低,宝宝反复肺结核怎么处理，是免疫低,1
1988,肺结核,宝宝反复肺结核怎么办，是免疫低,宝宝反复肺结核怎么治疗，是免疫低,1
1989,肺结核,宝宝反复肺结核怎么办，是免疫低,宝宝反复肺结核怎么办，严不严重啊？,0
1990,肺结核,宝宝反复肺结核怎么办，是免疫低,一岁小孩反复肺结核 反复肺结核，免疫力低下,0
1991,肺结核,宝宝反复肺结核怎么办，是免疫低,反复肺结核 宝宝免疫低下,0
1992,肺结核,小儿肺结核的复查咨询,小儿肺结核需要复查吗？,1
1993,肺结核,小儿肺结核的复查咨询,小儿肺结核有必要复查吗？,1
1994,肺结核,小儿肺结核的复查咨询,小儿肺结核必须输液吗？,0
1995,肺结核,小儿肺结核的复查咨询,肺结核早期症状有哪些?,0
1996,肺结核,小儿肺结核的复查咨询,肺结核怎么检查呢？,0
1997,肺结核,得了肺结核有哪些方法保养？,肺结核有哪些治疗保养方式？,1
1998,肺结核,得了肺结核有哪些方法保养？,得了肺结核，生活中有什么方法去保养啊？,1
1999,肺结核,得了肺结核有哪些方法保养？,肺结核病发病严重吗？,0
2000,肺结核,得了肺结核有哪些方法保养？,肺结核比较严重，如何治疗？,0
2001,肺结核,得了肺结核有哪些方法保养？,肺结核病有哪些症状？,0
